[debug] [2026-06-01T02:03:22.137Z] ----------------------------------------------------------------------
[debug] [2026-06-01T02:03:22.139Z] Command:       C:\Program Files\nodejs\node.exe C:\Users\emanu\AppData\Roaming\npm\node_modules\firebase-tools\lib\bin\firebase.js deploy --only functions --project tecniapp-ice
[debug] [2026-06-01T02:03:22.140Z] CLI Version:   15.19.0
[debug] [2026-06-01T02:03:22.140Z] Platform:      win32
[debug] [2026-06-01T02:03:22.140Z] Node Version:  v24.16.0
[debug] [2026-06-01T02:03:22.140Z] Time:          Sun May 31 2026 20:03:22 GMT-0600 (hora estándar central)
[debug] [2026-06-01T02:03:22.140Z] ----------------------------------------------------------------------
[debug] 
[debug] [2026-06-01T02:03:23.886Z] > command requires scopes: ["email","openid","https://www.googleapis.com/auth/cloudplatformprojects.readonly","https://www.googleapis.com/auth/firebase","https://www.googleapis.com/auth/cloud-platform"]
[debug] [2026-06-01T02:03:23.886Z] > authorizing via signed-in user (emanueljab@gmail.com)
[debug] [2026-06-01T02:03:23.886Z] [iam] checking project tecniapp-ice for permissions ["cloudfunctions.functions.create","cloudfunctions.functions.delete","cloudfunctions.functions.get","cloudfunctions.functions.list","cloudfunctions.functions.update","cloudfunctions.operations.get","firebase.projects.get"]
[debug] [2026-06-01T02:03:23.887Z] Checked if tokens are valid: true, expires at: 1780281501336
[debug] [2026-06-01T02:03:23.887Z] Checked if tokens are valid: true, expires at: 1780281501336
[debug] [2026-06-01T02:03:23.888Z] >>> [apiv2][query] POST https://cloudresourcemanager.googleapis.com/v1/projects/tecniapp-ice:testIamPermissions [none]
[debug] [2026-06-01T02:03:23.888Z] >>> [apiv2][(partial)header] POST https://cloudresourcemanager.googleapis.com/v1/projects/tecniapp-ice:testIamPermissions  x-goog-user-project=tecniapp-ice
[debug] [2026-06-01T02:03:23.888Z] >>> [apiv2][body] POST https://cloudresourcemanager.googleapis.com/v1/projects/tecniapp-ice:testIamPermissions {"permissions":["cloudfunctions.functions.create","cloudfunctions.functions.delete","cloudfunctions.functions.get","cloudfunctions.functions.list","cloudfunctions.functions.update","cloudfunctions.operations.get","firebase.projects.get"]}
[debug] [2026-06-01T02:03:24.158Z] <<< [apiv2][status] POST https://cloudresourcemanager.googleapis.com/v1/projects/tecniapp-ice:testIamPermissions 200
[debug] [2026-06-01T02:03:24.159Z] <<< [apiv2][body] POST https://cloudresourcemanager.googleapis.com/v1/projects/tecniapp-ice:testIamPermissions {"permissions":["cloudfunctions.functions.create","cloudfunctions.functions.delete","cloudfunctions.functions.get","cloudfunctions.functions.list","cloudfunctions.functions.update","cloudfunctions.operations.get","firebase.projects.get"]}
[debug] [2026-06-01T02:03:24.159Z] Checked if tokens are valid: true, expires at: 1780281501336
[debug] [2026-06-01T02:03:24.159Z] Checked if tokens are valid: true, expires at: 1780281501336
[debug] [2026-06-01T02:03:24.159Z] >>> [apiv2][query] POST https://iam.googleapis.com/v1/projects/tecniapp-ice/serviceAccounts/tecniapp-ice@appspot.gserviceaccount.com:testIamPermissions [none]
[debug] [2026-06-01T02:03:24.159Z] >>> [apiv2][body] POST https://iam.googleapis.com/v1/projects/tecniapp-ice/serviceAccounts/tecniapp-ice@appspot.gserviceaccount.com:testIamPermissions {"permissions":["iam.serviceAccounts.actAs"]}
[debug] [2026-06-01T02:03:24.533Z] <<< [apiv2][status] POST https://iam.googleapis.com/v1/projects/tecniapp-ice/serviceAccounts/tecniapp-ice@appspot.gserviceaccount.com:testIamPermissions 200
[debug] [2026-06-01T02:03:24.533Z] <<< [apiv2][body] POST https://iam.googleapis.com/v1/projects/tecniapp-ice/serviceAccounts/tecniapp-ice@appspot.gserviceaccount.com:testIamPermissions {"permissions":["iam.serviceAccounts.actAs"]}
[info] 
[info] === Deploying to 'tecniapp-ice'...
[info] 
[info] i  deploying functions 
[debug] [2026-06-01T02:03:24.536Z] Checked if tokens are valid: true, expires at: 1780281501336
[debug] [2026-06-01T02:03:24.536Z] Checked if tokens are valid: true, expires at: 1780281501336
[debug] [2026-06-01T02:03:24.536Z] >>> [apiv2][query] GET https://cloudresourcemanager.googleapis.com/v1/projects/tecniapp-ice [none]
[debug] [2026-06-01T02:03:24.674Z] <<< [apiv2][status] GET https://cloudresourcemanager.googleapis.com/v1/projects/tecniapp-ice 200
[debug] [2026-06-01T02:03:24.675Z] <<< [apiv2][body] GET https://cloudresourcemanager.googleapis.com/v1/projects/tecniapp-ice {"projectNumber":"1097214229632","projectId":"tecniapp-ice","lifecycleState":"ACTIVE","name":"TecniApp-ICE","labels":{"firebase":"enabled"},"createTime":"2024-08-05T01:05:53.862540Z"}
[info] i  functions: preparing codebase default for deployment 
[info] i  functions: ensuring required API cloudfunctions.googleapis.com is enabled... 
[debug] [2026-06-01T02:03:24.681Z] Checked if tokens are valid: true, expires at: 1780281501336
[debug] [2026-06-01T02:03:24.681Z] Checked if tokens are valid: true, expires at: 1780281501336
[debug] [2026-06-01T02:03:24.683Z] Checked if tokens are valid: true, expires at: 1780281501336
[debug] [2026-06-01T02:03:24.683Z] Checked if tokens are valid: true, expires at: 1780281501336
[info] i  functions: ensuring required API cloudbuild.googleapis.com is enabled... 
[debug] [2026-06-01T02:03:24.687Z] Checked if tokens are valid: true, expires at: 1780281501336
[debug] [2026-06-01T02:03:24.687Z] Checked if tokens are valid: true, expires at: 1780281501336
[info] i  artifactregistry: ensuring required API artifactregistry.googleapis.com is enabled... 
[debug] [2026-06-01T02:03:24.689Z] Checked if tokens are valid: true, expires at: 1780281501336
[debug] [2026-06-01T02:03:24.690Z] Checked if tokens are valid: true, expires at: 1780281501336
[debug] [2026-06-01T02:03:24.690Z] >>> [apiv2][query] GET https://serviceusage.googleapis.com/v1/projects/tecniapp-ice/services/cloudfunctions.googleapis.com [none]
[debug] [2026-06-01T02:03:24.690Z] >>> [apiv2][(partial)header] GET https://serviceusage.googleapis.com/v1/projects/tecniapp-ice/services/cloudfunctions.googleapis.com  x-goog-user-project=tecniapp-ice
[debug] [2026-06-01T02:03:24.696Z] >>> [apiv2][query] GET https://serviceusage.googleapis.com/v1/projects/tecniapp-ice/services/runtimeconfig.googleapis.com [none]
[debug] [2026-06-01T02:03:24.696Z] >>> [apiv2][(partial)header] GET https://serviceusage.googleapis.com/v1/projects/tecniapp-ice/services/runtimeconfig.googleapis.com  x-goog-user-project=tecniapp-ice
[debug] [2026-06-01T02:03:24.701Z] >>> [apiv2][query] GET https://serviceusage.googleapis.com/v1/projects/tecniapp-ice/services/cloudbuild.googleapis.com [none]
[debug] [2026-06-01T02:03:24.702Z] >>> [apiv2][(partial)header] GET https://serviceusage.googleapis.com/v1/projects/tecniapp-ice/services/cloudbuild.googleapis.com  x-goog-user-project=tecniapp-ice
[debug] [2026-06-01T02:03:24.707Z] >>> [apiv2][query] GET https://serviceusage.googleapis.com/v1/projects/tecniapp-ice/services/artifactregistry.googleapis.com [none]
[debug] [2026-06-01T02:03:24.707Z] >>> [apiv2][(partial)header] GET https://serviceusage.googleapis.com/v1/projects/tecniapp-ice/services/artifactregistry.googleapis.com  x-goog-user-project=tecniapp-ice
[debug] [2026-06-01T02:03:25.181Z] <<< [apiv2][status] GET https://serviceusage.googleapis.com/v1/projects/tecniapp-ice/services/cloudfunctions.googleapis.com 200
[debug] [2026-06-01T02:03:25.181Z] <<< [apiv2][body] GET https://serviceusage.googleapis.com/v1/projects/tecniapp-ice/services/cloudfunctions.googleapis.com [omitted]
[info] +  functions: required API cloudfunctions.googleapis.com is enabled 
[debug] [2026-06-01T02:03:25.188Z] <<< [apiv2][status] GET https://serviceusage.googleapis.com/v1/projects/tecniapp-ice/services/runtimeconfig.googleapis.com 200
[debug] [2026-06-01T02:03:25.188Z] <<< [apiv2][body] GET https://serviceusage.googleapis.com/v1/projects/tecniapp-ice/services/runtimeconfig.googleapis.com [omitted]
[debug] [2026-06-01T02:03:25.198Z] <<< [apiv2][status] GET https://serviceusage.googleapis.com/v1/projects/tecniapp-ice/services/cloudbuild.googleapis.com 200
[debug] [2026-06-01T02:03:25.198Z] <<< [apiv2][body] GET https://serviceusage.googleapis.com/v1/projects/tecniapp-ice/services/cloudbuild.googleapis.com [omitted]
[info] +  functions: required API cloudbuild.googleapis.com is enabled 
[debug] [2026-06-01T02:03:25.208Z] <<< [apiv2][status] GET https://serviceusage.googleapis.com/v1/projects/tecniapp-ice/services/artifactregistry.googleapis.com 200
[debug] [2026-06-01T02:03:25.208Z] <<< [apiv2][body] GET https://serviceusage.googleapis.com/v1/projects/tecniapp-ice/services/artifactregistry.googleapis.com [omitted]
[info] +  artifactregistry: required API artifactregistry.googleapis.com is enabled 
[debug] [2026-06-01T02:03:25.215Z] Checked if tokens are valid: true, expires at: 1780281501336
[debug] [2026-06-01T02:03:25.216Z] Checked if tokens are valid: true, expires at: 1780281501336
[debug] [2026-06-01T02:03:25.216Z] >>> [apiv2][query] GET https://firebase.googleapis.com/v1beta1/projects/tecniapp-ice/adminSdkConfig [none]
[debug] [2026-06-01T02:03:25.649Z] <<< [apiv2][status] GET https://firebase.googleapis.com/v1beta1/projects/tecniapp-ice/adminSdkConfig 200
[debug] [2026-06-01T02:03:25.649Z] <<< [apiv2][body] GET https://firebase.googleapis.com/v1beta1/projects/tecniapp-ice/adminSdkConfig {"projectId":"tecniapp-ice","databaseURL":"https://tecniapp-ice-default-rtdb.firebaseio.com","storageBucket":"tecniapp-ice.firebasestorage.app"}
[debug] [2026-06-01T02:03:25.649Z] Checked if tokens are valid: true, expires at: 1780281501336
[debug] [2026-06-01T02:03:25.649Z] Checked if tokens are valid: true, expires at: 1780281501336
[debug] [2026-06-01T02:03:25.649Z] >>> [apiv2][query] GET https://runtimeconfig.googleapis.com/v1beta1/projects/tecniapp-ice/configs [none]
[debug] [2026-06-01T02:03:26.156Z] <<< [apiv2][status] GET https://runtimeconfig.googleapis.com/v1beta1/projects/tecniapp-ice/configs 200
[debug] [2026-06-01T02:03:26.157Z] <<< [apiv2][body] GET https://runtimeconfig.googleapis.com/v1beta1/projects/tecniapp-ice/configs {"configs":[{"name":"projects/tecniapp-ice/configs/mail"}]}
[debug] [2026-06-01T02:03:26.157Z] Checked if tokens are valid: true, expires at: 1780281501336
[debug] [2026-06-01T02:03:26.157Z] Checked if tokens are valid: true, expires at: 1780281501336
[debug] [2026-06-01T02:03:26.157Z] >>> [apiv2][query] GET https://runtimeconfig.googleapis.com/v1beta1/projects/tecniapp-ice/configs/mail/variables [none]
[debug] [2026-06-01T02:03:26.481Z] <<< [apiv2][status] GET https://runtimeconfig.googleapis.com/v1beta1/projects/tecniapp-ice/configs/mail/variables 200
[debug] [2026-06-01T02:03:26.481Z] <<< [apiv2][body] GET https://runtimeconfig.googleapis.com/v1beta1/projects/tecniapp-ice/configs/mail/variables {"variables":[{"name":"projects/tecniapp-ice/configs/mail/variables/user","updateTime":"2026-01-27T06:26:10.873950684Z"},{"name":"projects/tecniapp-ice/configs/mail/variables/pass","updateTime":"2026-01-27T06:26:11.003640333Z"}]}
[debug] [2026-06-01T02:03:26.482Z] Checked if tokens are valid: true, expires at: 1780281501336
[debug] [2026-06-01T02:03:26.482Z] Checked if tokens are valid: true, expires at: 1780281501336
[debug] [2026-06-01T02:03:26.482Z] Checked if tokens are valid: true, expires at: 1780281501336
[debug] [2026-06-01T02:03:26.482Z] Checked if tokens are valid: true, expires at: 1780281501336
[debug] [2026-06-01T02:03:26.482Z] >>> [apiv2][query] GET https://runtimeconfig.googleapis.com/v1beta1/projects/tecniapp-ice/configs/mail/variables/user [none]
[debug] [2026-06-01T02:03:26.483Z] >>> [apiv2][query] GET https://runtimeconfig.googleapis.com/v1beta1/projects/tecniapp-ice/configs/mail/variables/pass [none]
[debug] [2026-06-01T02:03:26.792Z] <<< [apiv2][status] GET https://runtimeconfig.googleapis.com/v1beta1/projects/tecniapp-ice/configs/mail/variables/user 200
[debug] [2026-06-01T02:03:26.792Z] <<< [apiv2][body] GET https://runtimeconfig.googleapis.com/v1beta1/projects/tecniapp-ice/configs/mail/variables/user {"name":"projects/tecniapp-ice/configs/mail/variables/user","updateTime":"2026-01-27T06:26:10.873950684Z","text":"tecniappice@gmail.com"}
[debug] [2026-06-01T02:03:26.890Z] <<< [apiv2][status] GET https://runtimeconfig.googleapis.com/v1beta1/projects/tecniapp-ice/configs/mail/variables/pass 200
[debug] [2026-06-01T02:03:26.890Z] <<< [apiv2][body] GET https://runtimeconfig.googleapis.com/v1beta1/projects/tecniapp-ice/configs/mail/variables/pass {"name":"projects/tecniapp-ice/configs/mail/variables/pass","updateTime":"2026-01-27T06:26:11.003640333Z","text":"xdvj aell anro ilie"}
[debug] [2026-06-01T02:03:26.891Z] Validating nodejs source
[warn] !  functions: package.json indicates an outdated version of firebase-functions. Please upgrade using npm install --save firebase-functions@latest in your functions directory. 
[debug] [2026-06-01T02:03:27.698Z] > [functions] package.json contents: {
  "name": "functions",
  "description": "Cloud Functions for Firebase",
  "scripts": {
    "serve": "firebase emulators:start --only functions",
    "shell": "firebase functions:shell",
    "start": "npm run shell",
    "deploy": "firebase deploy --only functions",
    "logs": "firebase functions:log"
  },
  "engines": {
    "node": "22"
  },
  "main": "index.js",
  "dependencies": {
    "axios": "^1.13.2",
    "firebase-admin": "^13.6.0",
    "firebase-functions": "^7.0.3",
    "nodemailer": "^7.0.11"
  },
  "devDependencies": {
    "firebase-functions-test": "^3.1.0"
  },
  "private": true
}
[debug] [2026-06-01T02:03:27.699Z] Building nodejs source
[info] i  functions: Loading and analyzing source code for codebase default to determine what to deploy 
[debug] [2026-06-01T02:03:27.699Z] Could not find functions.yaml. Must use http discovery
[debug] [2026-06-01T02:03:27.704Z] Found firebase-functions binary at 'C:\Users\emanu\Documents\TecniApp_ICE\functions\node_modules\.bin\firebase-functions'
[info] Serving at port 8892

[debug] [2026-06-01T02:03:28.331Z] Got response from /__/functions.yaml {"endpoints":{"syncAveriasYNotificar":{"availableMemoryMb":null,"timeoutSeconds":null,"minInstances":null,"maxInstances":null,"ingressSettings":null,"concurrency":null,"serviceAccountEmail":null,"vpc":null,"platform":"gcfv2","labels":{},"scheduleTrigger":{"schedule":"every 5 minutes","retryConfig":{},"timeZone":"America/Costa_Rica"},"entryPoint":"syncAveriasYNotificar"},"sendVerificationCode":{"availableMemoryMb":null,"timeoutSeconds":null,"minInstances":null,"maxInstances":null,"ingressSettings":null,"concurrency":null,"serviceAccountEmail":null,"vpc":null,"platform":"gcfv2","region":["us-central1"],"secretEnvironmentVariables":[{"key":"MAIL_USER"},{"key":"MAIL_PASS"}],"labels":{},"callableTrigger":{},"entryPoint":"sendVerificationCode"},"sendReport":{"availableMemoryMb":null,"timeoutSeconds":null,"minInstances":null,"maxInstances":null,"ingressSettings":null,"concurrency":null,"serviceAccountEmail":null,"vpc":null,"platform":"gcfv2","region":["us-central1"],"secretEnvironmentVariables":[{"key":"MAIL_USER"},{"key":"MAIL_PASS"}],"labels":{},"callableTrigger":{},"entryPoint":"sendReport"},"notifyProgramacionAssigned":{"availableMemoryMb":null,"timeoutSeconds":null,"minInstances":null,"maxInstances":null,"ingressSettings":null,"concurrency":null,"serviceAccountEmail":null,"vpc":null,"platform":"gcfv2","region":["us-central1"],"labels":{},"eventTrigger":{"eventType":"google.firebase.database.ref.v1.created","eventFilters":{"instance":"tecniapp-ice-programacion"},"eventFilterPathPatterns":{"ref":"programaciones/{subregion}/{vehiculoId}/{programacionId}"},"retry":false},"entryPoint":"notifyProgramacionAssigned"}},"specVersion":"v1alpha1","requiredAPIs":[{"api":"cloudscheduler.googleapis.com","reason":"Needed for scheduled functions."}],"extensions":{},"params":[{"type":"secret","name":"MAIL_USER"},{"type":"secret","name":"MAIL_PASS"}]}
[debug] [2026-06-01T02:03:32.371Z] Checked if tokens are valid: true, expires at: 1780281501336
[debug] [2026-06-01T02:03:32.371Z] Checked if tokens are valid: true, expires at: 1780281501336
[debug] [2026-06-01T02:03:32.371Z] >>> [apiv2][query] GET https://cloudfunctions.googleapis.com/v1/projects/tecniapp-ice/locations/-/functions [none]
[debug] [2026-06-01T02:03:33.130Z] <<< [apiv2][status] GET https://cloudfunctions.googleapis.com/v1/projects/tecniapp-ice/locations/-/functions 200
[debug] [2026-06-01T02:03:33.131Z] <<< [apiv2][body] GET https://cloudfunctions.googleapis.com/v1/projects/tecniapp-ice/locations/-/functions {}
[debug] [2026-06-01T02:03:33.133Z] Checked if tokens are valid: true, expires at: 1780281501336
[debug] [2026-06-01T02:03:33.133Z] Checked if tokens are valid: true, expires at: 1780281501336
[debug] [2026-06-01T02:03:33.137Z] >>> [apiv2][query] GET https://cloudfunctions.googleapis.com/v2/projects/tecniapp-ice/locations/-/functions filter=environment%3D%22GEN_2%22
[debug] [2026-06-01T02:03:33.555Z] <<< [apiv2][status] GET https://cloudfunctions.googleapis.com/v2/projects/tecniapp-ice/locations/-/functions 200
[debug] [2026-06-01T02:03:33.555Z] <<< [apiv2][body] GET https://cloudfunctions.googleapis.com/v2/projects/tecniapp-ice/locations/-/functions {}
[info] i  extensions: ensuring required API firebaseextensions.googleapis.com is enabled... 
[debug] [2026-06-01T02:03:33.556Z] Checked if tokens are valid: true, expires at: 1780281501336
[debug] [2026-06-01T02:03:33.556Z] Checked if tokens are valid: true, expires at: 1780281501336
[debug] [2026-06-01T02:03:33.556Z] >>> [apiv2][query] GET https://serviceusage.googleapis.com/v1/projects/tecniapp-ice/services/firebaseextensions.googleapis.com [none]
[debug] [2026-06-01T02:03:33.556Z] >>> [apiv2][(partial)header] GET https://serviceusage.googleapis.com/v1/projects/tecniapp-ice/services/firebaseextensions.googleapis.com  x-goog-user-project=tecniapp-ice
[debug] [2026-06-01T02:03:33.960Z] <<< [apiv2][status] GET https://serviceusage.googleapis.com/v1/projects/tecniapp-ice/services/firebaseextensions.googleapis.com 200
[debug] [2026-06-01T02:03:33.960Z] <<< [apiv2][body] GET https://serviceusage.googleapis.com/v1/projects/tecniapp-ice/services/firebaseextensions.googleapis.com [omitted]
[info] +  extensions: required API firebaseextensions.googleapis.com is enabled 
[debug] [2026-06-01T02:03:33.965Z] > command requires scopes: ["email","openid","https://www.googleapis.com/auth/cloudplatformprojects.readonly","https://www.googleapis.com/auth/firebase","https://www.googleapis.com/auth/cloud-platform"]
[debug] [2026-06-01T02:03:33.966Z] > authorizing via signed-in user (emanueljab@gmail.com)
[debug] [2026-06-01T02:03:33.966Z] [iam] checking project tecniapp-ice for permissions ["firebase.projects.get","firebaseextensions.instances.list"]
[debug] [2026-06-01T02:03:33.966Z] Checked if tokens are valid: true, expires at: 1780281501336
[debug] [2026-06-01T02:03:33.966Z] Checked if tokens are valid: true, expires at: 1780281501336
[debug] [2026-06-01T02:03:33.966Z] >>> [apiv2][query] POST https://cloudresourcemanager.googleapis.com/v1/projects/tecniapp-ice:testIamPermissions [none]
[debug] [2026-06-01T02:03:33.966Z] >>> [apiv2][(partial)header] POST https://cloudresourcemanager.googleapis.com/v1/projects/tecniapp-ice:testIamPermissions  x-goog-user-project=tecniapp-ice
[debug] [2026-06-01T02:03:33.966Z] >>> [apiv2][body] POST https://cloudresourcemanager.googleapis.com/v1/projects/tecniapp-ice:testIamPermissions {"permissions":["firebase.projects.get","firebaseextensions.instances.list"]}
[debug] [2026-06-01T02:03:34.164Z] <<< [apiv2][status] POST https://cloudresourcemanager.googleapis.com/v1/projects/tecniapp-ice:testIamPermissions 200
[debug] [2026-06-01T02:03:34.164Z] <<< [apiv2][body] POST https://cloudresourcemanager.googleapis.com/v1/projects/tecniapp-ice:testIamPermissions {"permissions":["firebase.projects.get","firebaseextensions.instances.list"]}
[debug] [2026-06-01T02:03:34.164Z] Checked if tokens are valid: true, expires at: 1780281501336
[debug] [2026-06-01T02:03:34.164Z] Checked if tokens are valid: true, expires at: 1780281501336
[debug] [2026-06-01T02:03:34.164Z] >>> [apiv2][query] GET https://firebaseextensions.googleapis.com/v1beta/projects/tecniapp-ice/instances pageSize=100&pageToken=
[debug] [2026-06-01T02:03:34.776Z] <<< [apiv2][status] GET https://firebaseextensions.googleapis.com/v1beta/projects/tecniapp-ice/instances 200
[debug] [2026-06-01T02:03:34.776Z] <<< [apiv2][body] GET https://firebaseextensions.googleapis.com/v1beta/projects/tecniapp-ice/instances {"instances":[{"name":"projects/tecniapp-ice/instances/delete-user-data","createTime":"2025-11-24T11:17:10.937979Z","updateTime":"2025-11-24T11:22:17.612157Z","state":"ERRORED","config":{"name":"projects/tecniapp-ice/instances/delete-user-data/configurations/915e6de5-2879-4477-a21b-e70d162db480","createTime":"2025-11-24T11:17:10.937979Z","source":{"name":"projects/firebaseextensions/sources/f020522f-559f-44e0-a573-ac4beea5e20e","packageUri":"https://storage.googleapis.com/firebase-extensions-packages-prod/firebase-delete-user-data-0.1.25-57ce8107-1087-4481-81f2-9e5f44b34e80.zip","hash":"54c98d3cf68a22de7072e2d6bfc9e416ebc71f688f0a68aa8a4e338613853356","extensionRoot":"/","spec":{"specVersion":"v1beta","name":"delete-user-data","version":"0.1.25","description":"Deletes data keyed on a userId from Cloud Firestore, Realtime Database, or Cloud Storage when a user deletes their account.","roles":[{"role":"datastore.owner","reason":"Allows the extension to delete (user) data from Cloud Firestore."},{"role":"firebasedatabase.admin","reason":"Allows the extension to delete (user) data from Realtime Database."},{"role":"storage.admin","reason":"Allows the extension to delete (user) data from Cloud Storage."},{"role":"pubsub.admin","reason":"Allows the extension to publish and subscribe to PubSub events. The extension uses PubSub to parallelize deletion and data discovery, no PubSub data is deleted."}],"resources":[{"name":"clearData","type":"firebaseextensions.v1beta.function","propertiesYaml":"eventTrigger:\n  eventType: providers/firebase.auth/eventTypes/user.delete\n  resource: projects/${param:PROJECT_ID}\nruntime: nodejs20\n","description":"Listens for user accounts to be deleted from your project's authenticated users, then removes any associated user data (based on Firebase Authentication's User ID) from Realtime Database, Cloud Firestore, and/or Cloud Storage.","deletionPolicy":"DELETE"},{"name":"handleSearch","type":"firebaseextensions.v1beta.function","propertiesYaml":"eventTrigger:\n  eventType: google.pubsub.topic.publish\n  resource: projects/${PROJECT_ID}/topics/ext-${EXT_INSTANCE_ID}-discovery\nruntime: nodejs20\n","deletionPolicy":"DELETE"},{"name":"handleDeletion","type":"firebaseextensions.v1beta.function","propertiesYaml":"eventTrigger:\n  eventType: google.pubsub.topic.publish\n  resource: projects/${PROJECT_ID}/topics/ext-${EXT_INSTANCE_ID}-deletion\nruntime: nodejs20\n","deletionPolicy":"DELETE"}],"billingRequired":true,"author":{"authorName":"Firebase","url":"https://firebase.google.com"},"contributors":[{"authorName":"Lauren Long","url":"https://github.com/laurenzlong"},{"authorName":"Chris Bianca","email":"chris@csfrequency.com","url":"https://github.com/chrisbianca"},{"authorName":"Invertase","email":"oss@invertase.io","url":"https://github.com/invertase"}],"license":"Apache-2.0","releaseNotesUrl":"https://github.com/firebase/extensions/blob/master/delete-user-data/CHANGELOG.md","sourceUrl":"https://github.com/firebase/extensions/tree/master/delete-user-data","params":[{"param":"FIRESTORE_DATABASE_ID","label":"Firestore Database ID","type":"STRING","description":"The ID of the Firestore database to use. Use \"(default)\" for the default database. You can view your available Firestore databases at https://console.cloud.google.com/firestore/databases.","required":true,"default":"(default)"},{"param":"FIRESTORE_PATHS","label":"Cloud Firestore paths","type":"STRING","description":"Which paths in your Cloud Firestore instance contain data keyed on a user ID? Leave empty if you don't use Cloud Firestore.\nEnter the full paths, separated by commas. Use `{UID}` as a placeholder for the user's UID.\nFor example, if you have the collections `users` and `admins`, and each collection has documents with User ID as document IDs, then enter `users/{UID},admins/{UID}`.","example":"users/{UID},admins/{UID}"},{"param":"FIRESTORE_DELETE_MODE","label":"Cloud Firestore delete mode","type":"SELECT","description":"(Only applicable if you use the `Cloud Firestore paths` parameter.) How do you want to delete Cloud Firestore documents? To also delete documents in subcollections, set this parameter to `recursive`.","required":true,"options":[{"value":"recursive","label":"Recursive"},{"value":"shallow","label":"Shallow"}],"default":"shallow"},{"param":"SELECTED_DATABASE_INSTANCE","label":"Realtime Database instance","type":"STRING","description":"What is the ID of the Realtime Database instance from which you want to delete user data (keyed on user ID)?\n","example":"my-instance","validationRegex":"^[^\\.\\$\\#\\]\\[\\/\\x00-\\x1F\\x7F]+$","validationErrorMessage":"Invalid database instance. Make sure that you have entered just the instance ID, and not the entire database URL."},{"param":"SELECTED_DATABASE_LOCATION","label":"Realtime Database location","type":"SELECT","description":"(Only applicable if you provided the `Realtime Database instance` parameter.) From which Realtime Database location do you want to delete data keyed on a user ID?\n","options":[{"value":"us-central1","label":"United States"},{"value":"europe-west1","label":"Belgium"},{"value":"asia-southeast1","label":"Singapore"}],"default":"us-central1"},{"param":"RTDB_PATHS","label":"Realtime Database paths","type":"STRING","description":"Which paths in your Realtime Database instance contain data keyed on a user ID? Leave empty if you don't use Realtime Database.\nEnter the full paths, separated by commas. Use `{UID}` as a placeholder for the user's UID.\nFor example: `users/{UID},admins/{UID}`.","example":"users/{UID},admins/{UID}"},{"param":"CLOUD_STORAGE_BUCKET","label":"Cloud Storage bucket","type":"STRING","description":"Which Google Cloud Storage bucket do you want to delete files from?\n","required":true,"default":"${STORAGE_BUCKET}","example":"my-project-12345.appspot.com","validationRegex":"^([0-9a-z_.-]*)$","validationErrorMessage":"Invalid storage bucket"},{"param":"STORAGE_PATHS","label":"Cloud Storage paths","type":"STRING","description":"Where in Google Cloud Storage do you store data keyed on a user ID? Leave empty if you don't use Cloud Storage.\nEnter the full paths to files or directories in your Storage buckets, separated by commas. Use `{UID}` to represent the User ID of the deleted user, and use `{DEFAULT}` to represent your default Storage bucket.\nHere's a series of examples. To delete all the files in your default bucket with the file naming scheme `{UID}-pic.png`, enter `{DEFAULT}/{UID}-pic.png`. To also delete all the files in another bucket called my-app-logs with the file naming scheme `{UID}-logs.txt`, enter `{DEFAULT}/{UID}-pic.png,my-app-logs/{UID}-logs.txt`. To *also* delete a User ID-labeled directory and all its files (like `media/{UID}`), enter `{DEFAULT}/{UID}-pic.png,my-app-logs/{UID}-logs.txt,{DEFAULT}/media/{UID}`.","example":"{DEFAULT}/{UID}-pic.png,my-awesome-app-logs/{UID}-logs.txt"},{"param":"ENABLE_AUTO_DISCOVERY","label":"Enable auto discovery","type":"SELECT","description":"Enable the extension to automatically discover Firestore collections and documents to delete.","required":true,"options":[{"value":"yes","label":"Yes"},{"value":"no","label":"No"}],"default":"no"},{"param":"AUTO_DISCOVERY_SEARCH_DEPTH","label":"Auto discovery search depth","type":"STRING","description":"If auto discovery is enabled, how deep should auto discovery find collections and documents. For example, setting to `1` would only discover root collections and documents, whereas setting to `9` would search sub-collections 9 levels deep. Defaults to `3`.","required":true,"default":"3"},{"param":"AUTO_DISCOVERY_SEARCH_FIELDS","label":"Auto discovery search fields","type":"STRING","description":"If auto discovery is enabled, specify what document fields are used to associate the UID with the document. The extension will delete documents where the value for one or more of these fields matches the deleting user’s UID. If left empty, document fields will not be used in auto discovery.","default":"id,uid,userId"},{"param":"SEARCH_FUNCTION","label":"Search function URL","type":"STRING","description":"Specify a URL to call that will return a list of document paths to delete. The extension will send a `POST` request to the specified `URL`, with the `uid` of the deleted user will be provided in the body of the request. The endpoint specified should return an array of firestore paths to delete.","example":"https://us-west1-my-project-id.cloudfunctions.net/myTransformFunction"}],"preinstallContent":"Use this extension to automatically delete certain data keyed on a user ID when the user is deleted from Firebase Authentication.\n\nYou can configure this extension to delete certain data keyed on a user ID from any or all of the following: Cloud Firestore, Realtime Database, or Cloud Storage. Each trigger of the extension to delete data is keyed to the user's UID.\n\nThis extension has a few different mechanisms for discovering data keyed on a user ID for deletion that you can configure during installation. These are outlined in the [official docs](https://firebase.google.com/docs/extensions/official/delete-user-data) for this extension. The extension will only delete data that it is explicitly configured to delete based on the mechanisms provided.\n\nTo use this extension, you need to manage your users with Firebase Authentication.\n\n**NOTE: This extension may be useful in helping you respect user privacy and fulfill compliance requirements you may be subject to. However, you are responsible for assessing and determining your compliance needs and obligations, and using this extension does not guarantee compliance with government and industry regulations.**\n\n#### Additional setup\n\nDepending on where you'd like to delete user data from, make sure that you've set up [Cloud Firestore](https://firebase.google.com/docs/firestore), [Realtime Database](https://firebase.google.com/docs/database), or [Cloud Storage](https://firebase.google.com/docs/storage) in your Firebase project before installing this extension.\n\nAlso, make sure that you've set up [Firebase Authentication](https://firebase.google.com/docs/auth) to manage your users.\n\n**Note about multiple Firestore databases:** This extension supports using non-default Firestore databases. During installation, you can specify which database to use via the `FIRESTORE_DATABASE_ID` parameter. Use \"(default)\" for the default database, or specify your named database ID.\n\n#### Billing\nTo install an extension, your project must be on the [Blaze (pay as you go) plan](https://firebase.google.com/pricing)\n \n- This extension uses other Firebase and Google Cloud Platform services, which have associated charges if you exceed the service’s no-cost tier:\n  - Cloud Firestore\n  - Firebase Realtime Database\n  - Cloud Storage\n  - Pubsub\n  - Cloud Functions (Node.js 10+ runtime. [See FAQs](https://firebase.google.com/support/faq#extensions-pricing))\n","postinstallContent":"### See it in action\n\nYou can test out this extension right away!\n\n1.  Go to your [Authentication dashboard](https://console.firebase.google.com/project/${param:PROJECT_ID}/authentication/users) in the Firebase console.\n\n1.  Click **Add User** to add a test user, then copy the test user's UID to your clipboard.\n\n1.  Create a new Cloud Firestore document, a new Realtime Database entry, or upload a new file to Storage - incorporating the user's UID into the path according to the schema that you configured.\n\n1.  Go back to your [Authentication dashboard](https://console.firebase.google.com/project/${param:PROJECT_ID}/authentication/users), then delete the test user.\n\n1.  In a few seconds, the new data you added above will be deleted from Cloud Firestore, Realtime Database, and/or Storage (depending on what you configured).\n\n### Monitoring\n\nAs a best practice, you can [monitor the activity](https://firebase.google.com/docs/extensions/manage-installed-extensions#monitor) of your installed extension, including checks on its health, usage, and logs.\n","readmeContent":"# Delete User Data\n\n**Author**: Firebase (**[https://firebase.google.com](https://firebase.google.com)**)\n\n**Description**: Deletes data keyed on a userId from Cloud Firestore, Realtime Database, or Cloud Storage when a user deletes their account.\n\n\n\n**Details**: Use this extension to automatically delete certain data keyed on a user ID when the user is deleted from Firebase Authentication.\n\nYou can configure this extension to delete certain data keyed on a user ID from any or all of the following: Cloud Firestore, Realtime Database, or Cloud Storage. Each trigger of the extension to delete data is keyed to the user's UID.\n\nThis extension has a few different mechanisms for discovering data keyed on a user ID for deletion that you can configure during installation. These are outlined in the [official docs](https://firebase.google.com/docs/extensions/official/delete-user-data) for this extension. The extension will only delete data that it is explicitly configured to delete based on the mechanisms provided.\n\nTo use this extension, you need to manage your users with Firebase Authentication.\n\n**NOTE: This extension may be useful in helping you respect user privacy and fulfill compliance requirements you may be subject to. However, you are responsible for assessing and determining your compliance needs and obligations, and using this extension does not guarantee compliance with government and industry regulations.**\n\n#### Additional setup\n\nDepending on where you'd like to delete user data from, make sure that you've set up [Cloud Firestore](https://firebase.google.com/docs/firestore), [Realtime Database](https://firebase.google.com/docs/database), or [Cloud Storage](https://firebase.google.com/docs/storage) in your Firebase project before installing this extension.\n\nAlso, make sure that you've set up [Firebase Authentication](https://firebase.google.com/docs/auth) to manage your users.\n\n**Note about multiple Firestore databases:** This extension supports using non-default Firestore databases. During installation, you can specify which database to use via the `FIRESTORE_DATABASE_ID` parameter. Use \"(default)\" for the default database, or specify your named database ID.\n\n#### Billing\nTo install an extension, your project must be on the [Blaze (pay as you go) plan](https://firebase.google.com/pricing)\n \n- This extension uses other Firebase and Google Cloud Platform services, which have associated charges if you exceed the service’s no-cost tier:\n  - Cloud Firestore\n  - Firebase Realtime Database\n  - Cloud Storage\n  - Pubsub\n  - Cloud Functions (Node.js 10+ runtime. [See FAQs](https://firebase.google.com/support/faq#extensions-pricing))\n\n\n\n\n**Configuration Parameters:**\n\n* Firestore Database ID: The ID of the Firestore database to use. Use \"(default)\" for the default database. You can view your available Firestore databases at https://console.cloud.google.com/firestore/databases.\n\n* Cloud Firestore paths: Which paths in your Cloud Firestore instance contain data keyed on a user ID? Leave empty if you don't use Cloud Firestore.\nEnter the full paths, separated by commas. Use `{UID}` as a placeholder for the user's UID.\nFor example, if you have the collections `users` and `admins`, and each collection has documents with User ID as document IDs, then enter `users/{UID},admins/{UID}`.\n\n* Cloud Firestore delete mode: (Only applicable if you use the `Cloud Firestore paths` parameter.) How do you want to delete Cloud Firestore documents? To also delete documents in subcollections, set this parameter to `recursive`.\n\n* Realtime Database instance: What is the ID of the Realtime Database instance from which you want to delete user data (keyed on user ID)?\n\n\n* Realtime Database location: (Only applicable if you provided the `Realtime Database instance` parameter.) From which Realtime Database location do you want to delete data keyed on a user ID?\n\n\n* Realtime Database paths: Which paths in your Realtime Database instance contain data keyed on a user ID? Leave empty if you don't use Realtime Database.\nEnter the full paths, separated by commas. Use `{UID}` as a placeholder for the user's UID.\nFor example: `users/{UID},admins/{UID}`.\n\n* Cloud Storage bucket: Which Google Cloud Storage bucket do you want to delete files from?\n\n\n* Cloud Storage paths: Where in Google Cloud Storage do you store data keyed on a user ID? Leave empty if you don't use Cloud Storage.\nEnter the full paths to files or directories in your Storage buckets, separated by commas. Use `{UID}` to represent the User ID of the deleted user, and use `{DEFAULT}` to represent your default Storage bucket.\nHere's a series of examples. To delete all the files in your default bucket with the file naming scheme `{UID}-pic.png`, enter `{DEFAULT}/{UID}-pic.png`. To also delete all the files in another bucket called my-app-logs with the file naming scheme `{UID}-logs.txt`, enter `{DEFAULT}/{UID}-pic.png,my-app-logs/{UID}-logs.txt`. To *also* delete a User ID-labeled directory and all its files (like `media/{UID}`), enter `{DEFAULT}/{UID}-pic.png,my-app-logs/{UID}-logs.txt,{DEFAULT}/media/{UID}`.\n\n* Enable auto discovery: Enable the extension to automatically discover Firestore collections and documents to delete.\n\n* Auto discovery search depth: If auto discovery is enabled, how deep should auto discovery find collections and documents. For example, setting to `1` would only discover root collections and documents, whereas setting to `9` would search sub-collections 9 levels deep. Defaults to `3`.\n\n* Auto discovery search fields: If auto discovery is enabled, specify what document fields are used to associate the UID with the document. The extension will delete documents where the value for one or more of these fields matches the deleting user’s UID. If left empty, document fields will not be used in auto discovery.\n\n* Search function URL: Specify a URL to call that will return a list of document paths to delete. The extension will send a `POST` request to the specified `URL`, with the `uid` of the deleted user will be provided in the body of the request. The endpoint specified should return an array of firestore paths to delete.\n\n\n\n**Cloud Functions:**\n\n* **clearData:** Listens for user accounts to be deleted from your project's authenticated users, then removes any associated user data (based on Firebase Authentication's User ID) from Realtime Database, Cloud Firestore, and/or Cloud Storage.\n\n* **handleSearch:** undefined\n\n* **handleDeletion:** undefined\n\n\n\n**Access Required**:\n\n\n\nThis extension will operate with the following project IAM roles:\n\n* datastore.owner (Reason: Allows the extension to delete (user) data from Cloud Firestore.)\n\n* firebasedatabase.admin (Reason: Allows the extension to delete (user) data from Realtime Database.)\n\n* storage.admin (Reason: Allows the extension to delete (user) data from Cloud Storage.)\n\n* pubsub.admin (Reason: Allows the extension to publish and subscribe to PubSub events. The extension uses PubSub to parallelize deletion and data discovery, no PubSub data is deleted.)\n","displayName":"Delete User Data","events":[{"type":"firebase.extensions.delete-user-data.v1.firestore","description":"Occurs when a set of Firestore paths has been marked for deletion following a delete user trigger."},{"type":"firebase.extensions.delete-user-data.v1.database","description":"Occurs when a set of Realtime Database paths has been marked for deletion following a delete user trigger."},{"type":"firebase.extensions.delete-user-data.v1.storage","description":"Occurs when a set of Storage paths has been marked for deletion following a delete user trigger."}]},"fetchTime":"2025-09-23T12:52:06.872338Z","lastOperationName":"projects/firebaseextensions/operations/9f8b436f-49b5-4383-bfa1-9edab04371d6","state":"ACTIVE"},"params":{"ENABLE_AUTO_DISCOVERY":"no","AUTO_DISCOVERY_SEARCH_DEPTH":"3","AUTO_DISCOVERY_SEARCH_FIELDS":"id,uid,userId","FIRESTORE_DATABASE_ID":"(default)","FIRESTORE_DELETE_MODE":"shallow","SELECTED_DATABASE_LOCATION":"us-central1","CLOUD_STORAGE_BUCKET":"tecniapp-ice.firebasestorage.app"},"populatedPostinstallContent":"### See it in action\n\nYou can test out this extension right away!\n\n1.  Go to your [Authentication dashboard](https://console.firebase.google.com/project/tecniapp-ice/authentication/users) in the Firebase console.\n\n1.  Click **Add User** to add a test user, then copy the test user's UID to your clipboard.\n\n1.  Create a new Cloud Firestore document, a new Realtime Database entry, or upload a new file to Storage - incorporating the user's UID into the path according to the schema that you configured.\n\n1.  Go back to your [Authentication dashboard](https://console.firebase.google.com/project/tecniapp-ice/authentication/users), then delete the test user.\n\n1.  In a few seconds, the new data you added above will be deleted from Cloud Firestore, Realtime Database, and/or Storage (depending on what you configured).\n\n### Monitoring\n\nAs a best practice, you can [monitor the activity](https://firebase.google.com/docs/extensions/manage-installed-extensions#monitor) of your installed extension, including checks on its health, usage, and logs.\n","extensionRef":"firebase/delete-user-data","extensionVersion":"0.1.25","systemParams":{"firebaseextensions.v1beta.function/memory":"256","firebaseextensions.v1beta.function/vpcConnectorEgressSettings":"VPC_CONNECTOR_EGRESS_SETTINGS_UNSPECIFIED","firebaseextensions.v1beta.function/minInstances":"0","firebaseextensions.v1beta.function/location":"us-central1"}},"errorStatus":{"code":13,"message":"; RESOURCE_ERROR at /deployments/firebase-ext-delete-user-data/resources/handleDeletion: {\"ResourceType\":\"gcp-types/cloudfunctions-v1:projects.locations.functions\",\"ResourceErrorCode\":\"403\",\"ResourceErrorMessage\":\"Gen1 operation for function projects/tecniapp-ice/locations/us-central1/functions/ext-delete-user-data-handleDeletion failed: Build failed: com.google.net.rpc3.client.RpcClientException: <eye3 title='/ArgoAdminNoCloudAudit.CreateBuild, PERMISSION_DENIED'/> APPLICATION_ERROR;google.devtools.cloudbuild.v1/ArgoAdminNoCloudAudit.CreateBuild;projects/-/serviceAccounts/101585699470450244511 can not be accessed by IAM. Please ensure it exists. If this is a new resource or recently had IAM changes, please retry in accordance with https://cloud.google.com/iam/docs/access-change-propagation.;AppErrorCode=7;StartTimeMs=1763983087122;unknown;ResFormat=uncompressed;ServerTimeSec=32.101163599;LogBytes=256;Non-FailFast;EndUserCredsRequested;EffSecLevel=privacy_and_integrity;ReqFormat=uncompressed;ReqID=7c0ad0bbed1d0463;GlobalID=0;Server=[2002:a05:6600:8d4:b0:45c:15f5:cf5b]:4001.\"}; RESOURCE_ERROR at /deployments/firebase-ext-delete-user-data/resources/clearData: {\"ResourceType\":\"gcp-types/cloudfunctions-v1:projects.locations.functions\",\"ResourceErrorCode\":\"403\",\"ResourceErrorMessage\":\"Gen1 operation for function projects/tecniapp-ice/locations/us-central1/functions/ext-delete-user-data-clearData failed: Build failed: com.google.net.rpc3.client.RpcClientException: <eye3 title='/ArgoAdminNoCloudAudit.CreateBuild, PERMISSION_DENIED'/> APPLICATION_ERROR;google.devtools.cloudbuild.v1/ArgoAdminNoCloudAudit.CreateBuild;projects/-/serviceAccounts/101585699470450244511 can not be accessed by IAM. Please ensure it exists. If this is a new resource or recently had IAM changes, please retry in accordance with https://cloud.google.com/iam/docs/access-change-propagation.;AppErrorCode=7;StartTimeMs=1763983087034;unknown;ResFormat=uncompressed;ServerTimeSec=31.734537383;LogBytes=256;Non-FailFast;EndUserCredsRequested;EffSecLevel=privacy_and_integrity;ReqFormat=uncompressed;ReqID=5d3b84bf439dc0d1;GlobalID=0;Server=[2002:a05:6600:d17:b0:45d:47eb:2dd0]:4001.\"}"},"lastOperationName":"projects/tecniapp-ice/operations/dc6039e3-9c06-4c61-a4dd-3a4ec19e91eb","serviceAccountEmail":"ext-delete-user-data@tecniapp-ice.iam.gserviceaccount.com","lastOperationType":"CREATE","etag":"5d823f402babd114174bc59e301f6922743c91afc29db2b8f245822cd99427fa"},{"name":"projects/tecniapp-ice/instances/delete-user-data-9ukx","createTime":"2025-11-24T11:18:10.760210Z","updateTime":"2025-11-24T11:22:38.187749Z","state":"ACTIVE","config":{"name":"projects/tecniapp-ice/instances/delete-user-data-9ukx/configurations/0f599d12-c6cd-45ca-a590-f3ab64e8ab51","createTime":"2025-11-24T11:18:10.760210Z","source":{"name":"projects/firebaseextensions/sources/f020522f-559f-44e0-a573-ac4beea5e20e","packageUri":"https://storage.googleapis.com/firebase-extensions-packages-prod/firebase-delete-user-data-0.1.25-57ce8107-1087-4481-81f2-9e5f44b34e80.zip","hash":"54c98d3cf68a22de7072e2d6bfc9e416ebc71f688f0a68aa8a4e338613853356","extensionRoot":"/","spec":{"specVersion":"v1beta","name":"delete-user-data","version":"0.1.25","description":"Deletes data keyed on a userId from Cloud Firestore, Realtime Database, or Cloud Storage when a user deletes their account.","roles":[{"role":"datastore.owner","reason":"Allows the extension to delete (user) data from Cloud Firestore."},{"role":"firebasedatabase.admin","reason":"Allows the extension to delete (user) data from Realtime Database."},{"role":"storage.admin","reason":"Allows the extension to delete (user) data from Cloud Storage."},{"role":"pubsub.admin","reason":"Allows the extension to publish and subscribe to PubSub events. The extension uses PubSub to parallelize deletion and data discovery, no PubSub data is deleted."}],"resources":[{"name":"clearData","type":"firebaseextensions.v1beta.function","propertiesYaml":"eventTrigger:\n  eventType: providers/firebase.auth/eventTypes/user.delete\n  resource: projects/${param:PROJECT_ID}\nruntime: nodejs20\n","description":"Listens for user accounts to be deleted from your project's authenticated users, then removes any associated user data (based on Firebase Authentication's User ID) from Realtime Database, Cloud Firestore, and/or Cloud Storage.","deletionPolicy":"DELETE"},{"name":"handleSearch","type":"firebaseextensions.v1beta.function","propertiesYaml":"eventTrigger:\n  eventType: google.pubsub.topic.publish\n  resource: projects/${PROJECT_ID}/topics/ext-${EXT_INSTANCE_ID}-discovery\nruntime: nodejs20\n","deletionPolicy":"DELETE"},{"name":"handleDeletion","type":"firebaseextensions.v1beta.function","propertiesYaml":"eventTrigger:\n  eventType: google.pubsub.topic.publish\n  resource: projects/${PROJECT_ID}/topics/ext-${EXT_INSTANCE_ID}-deletion\nruntime: nodejs20\n","deletionPolicy":"DELETE"}],"billingRequired":true,"author":{"authorName":"Firebase","url":"https://firebase.google.com"},"contributors":[{"authorName":"Lauren Long","url":"https://github.com/laurenzlong"},{"authorName":"Chris Bianca","email":"chris@csfrequency.com","url":"https://github.com/chrisbianca"},{"authorName":"Invertase","email":"oss@invertase.io","url":"https://github.com/invertase"}],"license":"Apache-2.0","releaseNotesUrl":"https://github.com/firebase/extensions/blob/master/delete-user-data/CHANGELOG.md","sourceUrl":"https://github.com/firebase/extensions/tree/master/delete-user-data","params":[{"param":"FIRESTORE_DATABASE_ID","label":"Firestore Database ID","type":"STRING","description":"The ID of the Firestore database to use. Use \"(default)\" for the default database. You can view your available Firestore databases at https://console.cloud.google.com/firestore/databases.","required":true,"default":"(default)"},{"param":"FIRESTORE_PATHS","label":"Cloud Firestore paths","type":"STRING","description":"Which paths in your Cloud Firestore instance contain data keyed on a user ID? Leave empty if you don't use Cloud Firestore.\nEnter the full paths, separated by commas. Use `{UID}` as a placeholder for the user's UID.\nFor example, if you have the collections `users` and `admins`, and each collection has documents with User ID as document IDs, then enter `users/{UID},admins/{UID}`.","example":"users/{UID},admins/{UID}"},{"param":"FIRESTORE_DELETE_MODE","label":"Cloud Firestore delete mode","type":"SELECT","description":"(Only applicable if you use the `Cloud Firestore paths` parameter.) How do you want to delete Cloud Firestore documents? To also delete documents in subcollections, set this parameter to `recursive`.","required":true,"options":[{"value":"recursive","label":"Recursive"},{"value":"shallow","label":"Shallow"}],"default":"shallow"},{"param":"SELECTED_DATABASE_INSTANCE","label":"Realtime Database instance","type":"STRING","description":"What is the ID of the Realtime Database instance from which you want to delete user data (keyed on user ID)?\n","example":"my-instance","validationRegex":"^[^\\.\\$\\#\\]\\[\\/\\x00-\\x1F\\x7F]+$","validationErrorMessage":"Invalid database instance. Make sure that you have entered just the instance ID, and not the entire database URL."},{"param":"SELECTED_DATABASE_LOCATION","label":"Realtime Database location","type":"SELECT","description":"(Only applicable if you provided the `Realtime Database instance` parameter.) From which Realtime Database location do you want to delete data keyed on a user ID?\n","options":[{"value":"us-central1","label":"United States"},{"value":"europe-west1","label":"Belgium"},{"value":"asia-southeast1","label":"Singapore"}],"default":"us-central1"},{"param":"RTDB_PATHS","label":"Realtime Database paths","type":"STRING","description":"Which paths in your Realtime Database instance contain data keyed on a user ID? Leave empty if you don't use Realtime Database.\nEnter the full paths, separated by commas. Use `{UID}` as a placeholder for the user's UID.\nFor example: `users/{UID},admins/{UID}`.","example":"users/{UID},admins/{UID}"},{"param":"CLOUD_STORAGE_BUCKET","label":"Cloud Storage bucket","type":"STRING","description":"Which Google Cloud Storage bucket do you want to delete files from?\n","required":true,"default":"${STORAGE_BUCKET}","example":"my-project-12345.appspot.com","validationRegex":"^([0-9a-z_.-]*)$","validationErrorMessage":"Invalid storage bucket"},{"param":"STORAGE_PATHS","label":"Cloud Storage paths","type":"STRING","description":"Where in Google Cloud Storage do you store data keyed on a user ID? Leave empty if you don't use Cloud Storage.\nEnter the full paths to files or directories in your Storage buckets, separated by commas. Use `{UID}` to represent the User ID of the deleted user, and use `{DEFAULT}` to represent your default Storage bucket.\nHere's a series of examples. To delete all the files in your default bucket with the file naming scheme `{UID}-pic.png`, enter `{DEFAULT}/{UID}-pic.png`. To also delete all the files in another bucket called my-app-logs with the file naming scheme `{UID}-logs.txt`, enter `{DEFAULT}/{UID}-pic.png,my-app-logs/{UID}-logs.txt`. To *also* delete a User ID-labeled directory and all its files (like `media/{UID}`), enter `{DEFAULT}/{UID}-pic.png,my-app-logs/{UID}-logs.txt,{DEFAULT}/media/{UID}`.","example":"{DEFAULT}/{UID}-pic.png,my-awesome-app-logs/{UID}-logs.txt"},{"param":"ENABLE_AUTO_DISCOVERY","label":"Enable auto discovery","type":"SELECT","description":"Enable the extension to automatically discover Firestore collections and documents to delete.","required":true,"options":[{"value":"yes","label":"Yes"},{"value":"no","label":"No"}],"default":"no"},{"param":"AUTO_DISCOVERY_SEARCH_DEPTH","label":"Auto discovery search depth","type":"STRING","description":"If auto discovery is enabled, how deep should auto discovery find collections and documents. For example, setting to `1` would only discover root collections and documents, whereas setting to `9` would search sub-collections 9 levels deep. Defaults to `3`.","required":true,"default":"3"},{"param":"AUTO_DISCOVERY_SEARCH_FIELDS","label":"Auto discovery search fields","type":"STRING","description":"If auto discovery is enabled, specify what document fields are used to associate the UID with the document. The extension will delete documents where the value for one or more of these fields matches the deleting user’s UID. If left empty, document fields will not be used in auto discovery.","default":"id,uid,userId"},{"param":"SEARCH_FUNCTION","label":"Search function URL","type":"STRING","description":"Specify a URL to call that will return a list of document paths to delete. The extension will send a `POST` request to the specified `URL`, with the `uid` of the deleted user will be provided in the body of the request. The endpoint specified should return an array of firestore paths to delete.","example":"https://us-west1-my-project-id.cloudfunctions.net/myTransformFunction"}],"preinstallContent":"Use this extension to automatically delete certain data keyed on a user ID when the user is deleted from Firebase Authentication.\n\nYou can configure this extension to delete certain data keyed on a user ID from any or all of the following: Cloud Firestore, Realtime Database, or Cloud Storage. Each trigger of the extension to delete data is keyed to the user's UID.\n\nThis extension has a few different mechanisms for discovering data keyed on a user ID for deletion that you can configure during installation. These are outlined in the [official docs](https://firebase.google.com/docs/extensions/official/delete-user-data) for this extension. The extension will only delete data that it is explicitly configured to delete based on the mechanisms provided.\n\nTo use this extension, you need to manage your users with Firebase Authentication.\n\n**NOTE: This extension may be useful in helping you respect user privacy and fulfill compliance requirements you may be subject to. However, you are responsible for assessing and determining your compliance needs and obligations, and using this extension does not guarantee compliance with government and industry regulations.**\n\n#### Additional setup\n\nDepending on where you'd like to delete user data from, make sure that you've set up [Cloud Firestore](https://firebase.google.com/docs/firestore), [Realtime Database](https://firebase.google.com/docs/database), or [Cloud Storage](https://firebase.google.com/docs/storage) in your Firebase project before installing this extension.\n\nAlso, make sure that you've set up [Firebase Authentication](https://firebase.google.com/docs/auth) to manage your users.\n\n**Note about multiple Firestore databases:** This extension supports using non-default Firestore databases. During installation, you can specify which database to use via the `FIRESTORE_DATABASE_ID` parameter. Use \"(default)\" for the default database, or specify your named database ID.\n\n#### Billing\nTo install an extension, your project must be on the [Blaze (pay as you go) plan](https://firebase.google.com/pricing)\n \n- This extension uses other Firebase and Google Cloud Platform services, which have associated charges if you exceed the service’s no-cost tier:\n  - Cloud Firestore\n  - Firebase Realtime Database\n  - Cloud Storage\n  - Pubsub\n  - Cloud Functions (Node.js 10+ runtime. [See FAQs](https://firebase.google.com/support/faq#extensions-pricing))\n","postinstallContent":"### See it in action\n\nYou can test out this extension right away!\n\n1.  Go to your [Authentication dashboard](https://console.firebase.google.com/project/${param:PROJECT_ID}/authentication/users) in the Firebase console.\n\n1.  Click **Add User** to add a test user, then copy the test user's UID to your clipboard.\n\n1.  Create a new Cloud Firestore document, a new Realtime Database entry, or upload a new file to Storage - incorporating the user's UID into the path according to the schema that you configured.\n\n1.  Go back to your [Authentication dashboard](https://console.firebase.google.com/project/${param:PROJECT_ID}/authentication/users), then delete the test user.\n\n1.  In a few seconds, the new data you added above will be deleted from Cloud Firestore, Realtime Database, and/or Storage (depending on what you configured).\n\n### Monitoring\n\nAs a best practice, you can [monitor the activity](https://firebase.google.com/docs/extensions/manage-installed-extensions#monitor) of your installed extension, including checks on its health, usage, and logs.\n","readmeContent":"# Delete User Data\n\n**Author**: Firebase (**[https://firebase.google.com](https://firebase.google.com)**)\n\n**Description**: Deletes data keyed on a userId from Cloud Firestore, Realtime Database, or Cloud Storage when a user deletes their account.\n\n\n\n**Details**: Use this extension to automatically delete certain data keyed on a user ID when the user is deleted from Firebase Authentication.\n\nYou can configure this extension to delete certain data keyed on a user ID from any or all of the following: Cloud Firestore, Realtime Database, or Cloud Storage. Each trigger of the extension to delete data is keyed to the user's UID.\n\nThis extension has a few different mechanisms for discovering data keyed on a user ID for deletion that you can configure during installation. These are outlined in the [official docs](https://firebase.google.com/docs/extensions/official/delete-user-data) for this extension. The extension will only delete data that it is explicitly configured to delete based on the mechanisms provided.\n\nTo use this extension, you need to manage your users with Firebase Authentication.\n\n**NOTE: This extension may be useful in helping you respect user privacy and fulfill compliance requirements you may be subject to. However, you are responsible for assessing and determining your compliance needs and obligations, and using this extension does not guarantee compliance with government and industry regulations.**\n\n#### Additional setup\n\nDepending on where you'd like to delete user data from, make sure that you've set up [Cloud Firestore](https://firebase.google.com/docs/firestore), [Realtime Database](https://firebase.google.com/docs/database), or [Cloud Storage](https://firebase.google.com/docs/storage) in your Firebase project before installing this extension.\n\nAlso, make sure that you've set up [Firebase Authentication](https://firebase.google.com/docs/auth) to manage your users.\n\n**Note about multiple Firestore databases:** This extension supports using non-default Firestore databases. During installation, you can specify which database to use via the `FIRESTORE_DATABASE_ID` parameter. Use \"(default)\" for the default database, or specify your named database ID.\n\n#### Billing\nTo install an extension, your project must be on the [Blaze (pay as you go) plan](https://firebase.google.com/pricing)\n \n- This extension uses other Firebase and Google Cloud Platform services, which have associated charges if you exceed the service’s no-cost tier:\n  - Cloud Firestore\n  - Firebase Realtime Database\n  - Cloud Storage\n  - Pubsub\n  - Cloud Functions (Node.js 10+ runtime. [See FAQs](https://firebase.google.com/support/faq#extensions-pricing))\n\n\n\n\n**Configuration Parameters:**\n\n* Firestore Database ID: The ID of the Firestore database to use. Use \"(default)\" for the default database. You can view your available Firestore databases at https://console.cloud.google.com/firestore/databases.\n\n* Cloud Firestore paths: Which paths in your Cloud Firestore instance contain data keyed on a user ID? Leave empty if you don't use Cloud Firestore.\nEnter the full paths, separated by commas. Use `{UID}` as a placeholder for the user's UID.\nFor example, if you have the collections `users` and `admins`, and each collection has documents with User ID as document IDs, then enter `users/{UID},admins/{UID}`.\n\n* Cloud Firestore delete mode: (Only applicable if you use the `Cloud Firestore paths` parameter.) How do you want to delete Cloud Firestore documents? To also delete documents in subcollections, set this parameter to `recursive`.\n\n* Realtime Database instance: What is the ID of the Realtime Database instance from which you want to delete user data (keyed on user ID)?\n\n\n* Realtime Database location: (Only applicable if you provided the `Realtime Database instance` parameter.) From which Realtime Database location do you want to delete data keyed on a user ID?\n\n\n* Realtime Database paths: Which paths in your Realtime Database instance contain data keyed on a user ID? Leave empty if you don't use Realtime Database.\nEnter the full paths, separated by commas. Use `{UID}` as a placeholder for the user's UID.\nFor example: `users/{UID},admins/{UID}`.\n\n* Cloud Storage bucket: Which Google Cloud Storage bucket do you want to delete files from?\n\n\n* Cloud Storage paths: Where in Google Cloud Storage do you store data keyed on a user ID? Leave empty if you don't use Cloud Storage.\nEnter the full paths to files or directories in your Storage buckets, separated by commas. Use `{UID}` to represent the User ID of the deleted user, and use `{DEFAULT}` to represent your default Storage bucket.\nHere's a series of examples. To delete all the files in your default bucket with the file naming scheme `{UID}-pic.png`, enter `{DEFAULT}/{UID}-pic.png`. To also delete all the files in another bucket called my-app-logs with the file naming scheme `{UID}-logs.txt`, enter `{DEFAULT}/{UID}-pic.png,my-app-logs/{UID}-logs.txt`. To *also* delete a User ID-labeled directory and all its files (like `media/{UID}`), enter `{DEFAULT}/{UID}-pic.png,my-app-logs/{UID}-logs.txt,{DEFAULT}/media/{UID}`.\n\n* Enable auto discovery: Enable the extension to automatically discover Firestore collections and documents to delete.\n\n* Auto discovery search depth: If auto discovery is enabled, how deep should auto discovery find collections and documents. For example, setting to `1` would only discover root collections and documents, whereas setting to `9` would search sub-collections 9 levels deep. Defaults to `3`.\n\n* Auto discovery search fields: If auto discovery is enabled, specify what document fields are used to associate the UID with the document. The extension will delete documents where the value for one or more of these fields matches the deleting user’s UID. If left empty, document fields will not be used in auto discovery.\n\n* Search function URL: Specify a URL to call that will return a list of document paths to delete. The extension will send a `POST` request to the specified `URL`, with the `uid` of the deleted user will be provided in the body of the request. The endpoint specified should return an array of firestore paths to delete.\n\n\n\n**Cloud Functions:**\n\n* **clearData:** Listens for user accounts to be deleted from your project's authenticated users, then removes any associated user data (based on Firebase Authentication's User ID) from Realtime Database, Cloud Firestore, and/or Cloud Storage.\n\n* **handleSearch:** undefined\n\n* **handleDeletion:** undefined\n\n\n\n**Access Required**:\n\n\n\nThis extension will operate with the following project IAM roles:\n\n* datastore.owner (Reason: Allows the extension to delete (user) data from Cloud Firestore.)\n\n* firebasedatabase.admin (Reason: Allows the extension to delete (user) data from Realtime Database.)\n\n* storage.admin (Reason: Allows the extension to delete (user) data from Cloud Storage.)\n\n* pubsub.admin (Reason: Allows the extension to publish and subscribe to PubSub events. The extension uses PubSub to parallelize deletion and data discovery, no PubSub data is deleted.)\n","displayName":"Delete User Data","events":[{"type":"firebase.extensions.delete-user-data.v1.firestore","description":"Occurs when a set of Firestore paths has been marked for deletion following a delete user trigger."},{"type":"firebase.extensions.delete-user-data.v1.database","description":"Occurs when a set of Realtime Database paths has been marked for deletion following a delete user trigger."},{"type":"firebase.extensions.delete-user-data.v1.storage","description":"Occurs when a set of Storage paths has been marked for deletion following a delete user trigger."}]},"fetchTime":"2025-09-23T12:52:06.872338Z","lastOperationName":"projects/firebaseextensions/operations/9f8b436f-49b5-4383-bfa1-9edab04371d6","state":"ACTIVE"},"params":{"FIRESTORE_DELETE_MODE":"shallow","SELECTED_DATABASE_LOCATION":"us-central1","CLOUD_STORAGE_BUCKET":"tecniapp-ice.firebasestorage.app","ENABLE_AUTO_DISCOVERY":"no","AUTO_DISCOVERY_SEARCH_DEPTH":"3","AUTO_DISCOVERY_SEARCH_FIELDS":"id,uid,userId","FIRESTORE_DATABASE_ID":"(default)"},"populatedPostinstallContent":"### See it in action\n\nYou can test out this extension right away!\n\n1.  Go to your [Authentication dashboard](https://console.firebase.google.com/project/tecniapp-ice/authentication/users) in the Firebase console.\n\n1.  Click **Add User** to add a test user, then copy the test user's UID to your clipboard.\n\n1.  Create a new Cloud Firestore document, a new Realtime Database entry, or upload a new file to Storage - incorporating the user's UID into the path according to the schema that you configured.\n\n1.  Go back to your [Authentication dashboard](https://console.firebase.google.com/project/tecniapp-ice/authentication/users), then delete the test user.\n\n1.  In a few seconds, the new data you added above will be deleted from Cloud Firestore, Realtime Database, and/or Storage (depending on what you configured).\n\n### Monitoring\n\nAs a best practice, you can [monitor the activity](https://firebase.google.com/docs/extensions/manage-installed-extensions#monitor) of your installed extension, including checks on its health, usage, and logs.\n","extensionRef":"firebase/delete-user-data","extensionVersion":"0.1.25","allowedEventTypes":["firebase.extensions.delete-user-data.v1.database","firebase.extensions.delete-user-data.v1.firestore","firebase.extensions.delete-user-data.v1.storage"],"eventarcChannel":"projects/tecniapp-ice/locations/us-central1/channels/firebase","systemParams":{"firebaseextensions.v1beta.function/minInstances":"0","firebaseextensions.v1beta.function/location":"us-central1","firebaseextensions.v1beta.function/memory":"256","firebaseextensions.v1beta.function/vpcConnectorEgressSettings":"VPC_CONNECTOR_EGRESS_SETTINGS_UNSPECIFIED"}},"lastOperationName":"projects/tecniapp-ice/operations/baa45f6b-24df-460a-a410-43e1aa0aa607","serviceAccountEmail":"ext-delete-user-data-9ukx@tecniapp-ice.iam.gserviceaccount.com","lastOperationType":"CREATE","etag":"cf48d078a832c58d9a4576933d7bba2d6ee41f8575c54899b55430e1b6570b66"}]}
[debug] [2026-06-01T02:03:34.778Z] Checked if tokens are valid: true, expires at: 1780281501336
[debug] [2026-06-01T02:03:34.778Z] Checked if tokens are valid: true, expires at: 1780281501336
[debug] [2026-06-01T02:03:34.778Z] >>> [apiv2][query] GET https://secretmanager.googleapis.com/v1/projects/tecniapp-ice/secrets/MAIL_USER [none]
[debug] [2026-06-01T02:03:35.170Z] <<< [apiv2][status] GET https://secretmanager.googleapis.com/v1/projects/tecniapp-ice/secrets/MAIL_USER 200
[debug] [2026-06-01T02:03:35.171Z] <<< [apiv2][body] GET https://secretmanager.googleapis.com/v1/projects/tecniapp-ice/secrets/MAIL_USER {"name":"projects/1097214229632/secrets/MAIL_USER","replication":{"automatic":{}},"createTime":"2026-01-27T06:33:11.579406Z","labels":{"firebase-managed":"functions"},"etag":"\"164958cc2fef73\""}
[debug] [2026-06-01T02:03:35.172Z] Checked if tokens are valid: true, expires at: 1780281501336
[debug] [2026-06-01T02:03:35.172Z] Checked if tokens are valid: true, expires at: 1780281501336
[debug] [2026-06-01T02:03:35.172Z] >>> [apiv2][query] GET https://secretmanager.googleapis.com/v1/projects/tecniapp-ice/secrets/MAIL_USER/versions/latest [none]
[debug] [2026-06-01T02:03:35.290Z] <<< [apiv2][status] GET https://secretmanager.googleapis.com/v1/projects/tecniapp-ice/secrets/MAIL_USER/versions/latest 200
[debug] [2026-06-01T02:03:35.290Z] <<< [apiv2][body] GET https://secretmanager.googleapis.com/v1/projects/tecniapp-ice/secrets/MAIL_USER/versions/latest {"name":"projects/1097214229632/secrets/MAIL_USER/versions/3","createTime":"2026-01-27T06:45:42.258355Z","state":"ENABLED","replicationStatus":{"automatic":{}},"etag":"\"164958f8e962b3\""}
[debug] [2026-06-01T02:03:35.291Z] Checked if tokens are valid: true, expires at: 1780281501336
[debug] [2026-06-01T02:03:35.291Z] Checked if tokens are valid: true, expires at: 1780281501336
[debug] [2026-06-01T02:03:35.291Z] >>> [apiv2][query] GET https://secretmanager.googleapis.com/v1/projects/tecniapp-ice/secrets/MAIL_PASS [none]
[debug] [2026-06-01T02:03:35.434Z] <<< [apiv2][status] GET https://secretmanager.googleapis.com/v1/projects/tecniapp-ice/secrets/MAIL_PASS 200
[debug] [2026-06-01T02:03:35.434Z] <<< [apiv2][body] GET https://secretmanager.googleapis.com/v1/projects/tecniapp-ice/secrets/MAIL_PASS {"name":"projects/1097214229632/secrets/MAIL_PASS","replication":{"automatic":{}},"createTime":"2026-01-27T06:33:55.804548Z","labels":{"firebase-managed":"functions"},"etag":"\"164958ced17f54\""}
[debug] [2026-06-01T02:03:35.434Z] Checked if tokens are valid: true, expires at: 1780281501336
[debug] [2026-06-01T02:03:35.434Z] Checked if tokens are valid: true, expires at: 1780281501336
[debug] [2026-06-01T02:03:35.434Z] >>> [apiv2][query] GET https://secretmanager.googleapis.com/v1/projects/tecniapp-ice/secrets/MAIL_PASS/versions/latest [none]
[debug] [2026-06-01T02:03:35.576Z] <<< [apiv2][status] GET https://secretmanager.googleapis.com/v1/projects/tecniapp-ice/secrets/MAIL_PASS/versions/latest 200
[debug] [2026-06-01T02:03:35.576Z] <<< [apiv2][body] GET https://secretmanager.googleapis.com/v1/projects/tecniapp-ice/secrets/MAIL_PASS/versions/latest {"name":"projects/1097214229632/secrets/MAIL_PASS/versions/2","createTime":"2026-01-27T06:46:27.176470Z","state":"ENABLED","replicationStatus":{"automatic":{}},"etag":"\"164958fb96c816\""}
[info] i  functions: preparing functions directory for uploading... 
[info] i  functions: packaged C:\Users\emanu\Documents\TecniApp_ICE\functions (80.44 KB) for uploading 
[info] i  functions: ensuring required API cloudscheduler.googleapis.com is enabled... 
[debug] [2026-06-01T02:03:35.611Z] Checked if tokens are valid: true, expires at: 1780281501336
[debug] [2026-06-01T02:03:35.611Z] Checked if tokens are valid: true, expires at: 1780281501336
[debug] [2026-06-01T02:03:35.611Z] >>> [apiv2][query] GET https://serviceusage.googleapis.com/v1/projects/1097214229632/services/cloudscheduler.googleapis.com [none]
[debug] [2026-06-01T02:03:35.611Z] >>> [apiv2][(partial)header] GET https://serviceusage.googleapis.com/v1/projects/1097214229632/services/cloudscheduler.googleapis.com  x-goog-user-project=1097214229632
[debug] [2026-06-01T02:03:35.877Z] <<< [apiv2][status] GET https://serviceusage.googleapis.com/v1/projects/1097214229632/services/cloudscheduler.googleapis.com 200
[debug] [2026-06-01T02:03:35.877Z] <<< [apiv2][body] GET https://serviceusage.googleapis.com/v1/projects/1097214229632/services/cloudscheduler.googleapis.com [omitted]
[info] +  functions: required API cloudscheduler.googleapis.com is enabled 
[info] i  functions: ensuring required API run.googleapis.com is enabled... 
[debug] [2026-06-01T02:03:35.881Z] Checked if tokens are valid: true, expires at: 1780281501336
[debug] [2026-06-01T02:03:35.881Z] Checked if tokens are valid: true, expires at: 1780281501336
[info] i  functions: ensuring required API eventarc.googleapis.com is enabled... 
[debug] [2026-06-01T02:03:35.882Z] Checked if tokens are valid: true, expires at: 1780281501336
[debug] [2026-06-01T02:03:35.883Z] Checked if tokens are valid: true, expires at: 1780281501336
[info] i  functions: ensuring required API pubsub.googleapis.com is enabled... 
[debug] [2026-06-01T02:03:35.884Z] Checked if tokens are valid: true, expires at: 1780281501336
[debug] [2026-06-01T02:03:35.885Z] Checked if tokens are valid: true, expires at: 1780281501336
[info] i  functions: ensuring required API storage.googleapis.com is enabled... 
[debug] [2026-06-01T02:03:35.886Z] Checked if tokens are valid: true, expires at: 1780281501336
[debug] [2026-06-01T02:03:35.886Z] Checked if tokens are valid: true, expires at: 1780281501336
[debug] [2026-06-01T02:03:35.886Z] >>> [apiv2][query] GET https://serviceusage.googleapis.com/v1/projects/1097214229632/services/run.googleapis.com [none]
[debug] [2026-06-01T02:03:35.887Z] >>> [apiv2][(partial)header] GET https://serviceusage.googleapis.com/v1/projects/1097214229632/services/run.googleapis.com  x-goog-user-project=1097214229632
[debug] [2026-06-01T02:03:35.887Z] >>> [apiv2][query] GET https://serviceusage.googleapis.com/v1/projects/1097214229632/services/eventarc.googleapis.com [none]
[debug] [2026-06-01T02:03:35.887Z] >>> [apiv2][(partial)header] GET https://serviceusage.googleapis.com/v1/projects/1097214229632/services/eventarc.googleapis.com  x-goog-user-project=1097214229632
[debug] [2026-06-01T02:03:35.889Z] >>> [apiv2][query] GET https://serviceusage.googleapis.com/v1/projects/1097214229632/services/pubsub.googleapis.com [none]
[debug] [2026-06-01T02:03:35.889Z] >>> [apiv2][(partial)header] GET https://serviceusage.googleapis.com/v1/projects/1097214229632/services/pubsub.googleapis.com  x-goog-user-project=1097214229632
[debug] [2026-06-01T02:03:35.891Z] >>> [apiv2][query] GET https://serviceusage.googleapis.com/v1/projects/1097214229632/services/storage.googleapis.com [none]
[debug] [2026-06-01T02:03:35.891Z] >>> [apiv2][(partial)header] GET https://serviceusage.googleapis.com/v1/projects/1097214229632/services/storage.googleapis.com  x-goog-user-project=1097214229632
[debug] [2026-06-01T02:03:36.163Z] <<< [apiv2][status] GET https://serviceusage.googleapis.com/v1/projects/1097214229632/services/run.googleapis.com 200
[debug] [2026-06-01T02:03:36.164Z] <<< [apiv2][body] GET https://serviceusage.googleapis.com/v1/projects/1097214229632/services/run.googleapis.com [omitted]
[info] +  functions: required API run.googleapis.com is enabled 
[debug] [2026-06-01T02:03:36.480Z] <<< [apiv2][status] GET https://serviceusage.googleapis.com/v1/projects/1097214229632/services/eventarc.googleapis.com 200
[debug] [2026-06-01T02:03:36.480Z] <<< [apiv2][body] GET https://serviceusage.googleapis.com/v1/projects/1097214229632/services/eventarc.googleapis.com [omitted]
[info] +  functions: required API eventarc.googleapis.com is enabled 
[debug] [2026-06-01T02:03:36.486Z] <<< [apiv2][status] GET https://serviceusage.googleapis.com/v1/projects/1097214229632/services/pubsub.googleapis.com 200
[debug] [2026-06-01T02:03:36.486Z] <<< [apiv2][body] GET https://serviceusage.googleapis.com/v1/projects/1097214229632/services/pubsub.googleapis.com [omitted]
[info] +  functions: required API pubsub.googleapis.com is enabled 
[debug] [2026-06-01T02:03:36.493Z] <<< [apiv2][status] GET https://serviceusage.googleapis.com/v1/projects/1097214229632/services/storage.googleapis.com 200
[debug] [2026-06-01T02:03:36.493Z] <<< [apiv2][body] GET https://serviceusage.googleapis.com/v1/projects/1097214229632/services/storage.googleapis.com [omitted]
[info] +  functions: required API storage.googleapis.com is enabled 
[info] i  functions: generating the service identity for pubsub.googleapis.com... 
[debug] [2026-06-01T02:03:36.496Z] Checked if tokens are valid: true, expires at: 1780281501336
[debug] [2026-06-01T02:03:36.496Z] Checked if tokens are valid: true, expires at: 1780281501336
[info] i  functions: generating the service identity for eventarc.googleapis.com... 
[debug] [2026-06-01T02:03:36.497Z] Checked if tokens are valid: true, expires at: 1780281501336
[debug] [2026-06-01T02:03:36.497Z] Checked if tokens are valid: true, expires at: 1780281501336
[debug] [2026-06-01T02:03:36.497Z] >>> [apiv2][query] POST https://serviceusage.googleapis.com/v1beta1/projects/1097214229632/services/pubsub.googleapis.com:generateServiceIdentity [none]
[debug] [2026-06-01T02:03:36.497Z] >>> [apiv2][(partial)header] POST https://serviceusage.googleapis.com/v1beta1/projects/1097214229632/services/pubsub.googleapis.com:generateServiceIdentity  x-goog-user-project=1097214229632
[debug] [2026-06-01T02:03:36.497Z] >>> [apiv2][body] POST https://serviceusage.googleapis.com/v1beta1/projects/1097214229632/services/pubsub.googleapis.com:generateServiceIdentity {}
[debug] [2026-06-01T02:03:36.497Z] >>> [apiv2][query] POST https://serviceusage.googleapis.com/v1beta1/projects/1097214229632/services/eventarc.googleapis.com:generateServiceIdentity [none]
[debug] [2026-06-01T02:03:36.497Z] >>> [apiv2][(partial)header] POST https://serviceusage.googleapis.com/v1beta1/projects/1097214229632/services/eventarc.googleapis.com:generateServiceIdentity  x-goog-user-project=1097214229632
[debug] [2026-06-01T02:03:36.497Z] >>> [apiv2][body] POST https://serviceusage.googleapis.com/v1beta1/projects/1097214229632/services/eventarc.googleapis.com:generateServiceIdentity {}
[debug] [2026-06-01T02:03:36.864Z] <<< [apiv2][status] POST https://serviceusage.googleapis.com/v1beta1/projects/1097214229632/services/eventarc.googleapis.com:generateServiceIdentity 200
[debug] [2026-06-01T02:03:36.864Z] <<< [apiv2][body] POST https://serviceusage.googleapis.com/v1beta1/projects/1097214229632/services/eventarc.googleapis.com:generateServiceIdentity {"name":"operations/finished.DONE_OPERATION","done":true,"response":{"@type":"type.googleapis.com/google.api.serviceusage.v1beta1.ServiceIdentity","email":"service-1097214229632@gcp-sa-eventarc.iam.gserviceaccount.com","uniqueId":"107445416487915756768"}}
[debug] [2026-06-01T02:03:36.865Z] <<< [apiv2][status] POST https://serviceusage.googleapis.com/v1beta1/projects/1097214229632/services/pubsub.googleapis.com:generateServiceIdentity 200
[debug] [2026-06-01T02:03:36.866Z] <<< [apiv2][body] POST https://serviceusage.googleapis.com/v1beta1/projects/1097214229632/services/pubsub.googleapis.com:generateServiceIdentity {"name":"operations/finished.DONE_OPERATION","done":true,"response":{"@type":"type.googleapis.com/google.api.serviceusage.v1beta1.ServiceIdentity","email":"service-1097214229632@gcp-sa-pubsub.iam.gserviceaccount.com","uniqueId":"103930902501811309878"}}
[info] i  functions: ensuring required API secretmanager.googleapis.com is enabled... 
[debug] [2026-06-01T02:03:36.867Z] Checked if tokens are valid: true, expires at: 1780281501336
[debug] [2026-06-01T02:03:36.867Z] Checked if tokens are valid: true, expires at: 1780281501336
[debug] [2026-06-01T02:03:36.867Z] >>> [apiv2][query] GET https://serviceusage.googleapis.com/v1/projects/1097214229632/services/secretmanager.googleapis.com [none]
[debug] [2026-06-01T02:03:36.867Z] >>> [apiv2][(partial)header] GET https://serviceusage.googleapis.com/v1/projects/1097214229632/services/secretmanager.googleapis.com  x-goog-user-project=1097214229632
[debug] [2026-06-01T02:03:37.136Z] <<< [apiv2][status] GET https://serviceusage.googleapis.com/v1/projects/1097214229632/services/secretmanager.googleapis.com 200
[debug] [2026-06-01T02:03:37.136Z] <<< [apiv2][body] GET https://serviceusage.googleapis.com/v1/projects/1097214229632/services/secretmanager.googleapis.com [omitted]
[info] +  functions: required API secretmanager.googleapis.com is enabled 
[debug] [2026-06-01T02:03:37.143Z] Checked if tokens are valid: true, expires at: 1780281501336
[debug] [2026-06-01T02:03:37.143Z] Checked if tokens are valid: true, expires at: 1780281501336
[debug] [2026-06-01T02:03:37.143Z] Checked if tokens are valid: true, expires at: 1780281501336
[debug] [2026-06-01T02:03:37.143Z] Checked if tokens are valid: true, expires at: 1780281501336
[debug] [2026-06-01T02:03:37.143Z] >>> [apiv2][query] GET https://secretmanager.googleapis.com/v1/projects/tecniapp-ice/secrets/MAIL_USER/versions/latest [none]
[debug] [2026-06-01T02:03:37.144Z] >>> [apiv2][query] GET https://secretmanager.googleapis.com/v1/projects/tecniapp-ice/secrets/MAIL_PASS/versions/latest [none]
[debug] [2026-06-01T02:03:37.274Z] <<< [apiv2][status] GET https://secretmanager.googleapis.com/v1/projects/tecniapp-ice/secrets/MAIL_USER/versions/latest 200
[debug] [2026-06-01T02:03:37.274Z] <<< [apiv2][body] GET https://secretmanager.googleapis.com/v1/projects/tecniapp-ice/secrets/MAIL_USER/versions/latest {"name":"projects/1097214229632/secrets/MAIL_USER/versions/3","createTime":"2026-01-27T06:45:42.258355Z","state":"ENABLED","replicationStatus":{"automatic":{}},"etag":"\"164958f8e962b3\""}
[debug] [2026-06-01T02:03:37.275Z] Resolved secret version of MAIL_USER to 3.
[debug] [2026-06-01T02:03:37.435Z] <<< [apiv2][status] GET https://secretmanager.googleapis.com/v1/projects/tecniapp-ice/secrets/MAIL_PASS/versions/latest 200
[debug] [2026-06-01T02:03:37.435Z] <<< [apiv2][body] GET https://secretmanager.googleapis.com/v1/projects/tecniapp-ice/secrets/MAIL_PASS/versions/latest {"name":"projects/1097214229632/secrets/MAIL_PASS/versions/2","createTime":"2026-01-27T06:46:27.176470Z","state":"ENABLED","replicationStatus":{"automatic":{}},"etag":"\"164958fb96c816\""}
[debug] [2026-06-01T02:03:37.435Z] Resolved secret version of MAIL_PASS to 2.
[debug] [2026-06-01T02:03:37.436Z] Checked if tokens are valid: true, expires at: 1780281501336
[debug] [2026-06-01T02:03:37.436Z] Checked if tokens are valid: true, expires at: 1780281501336
[debug] [2026-06-01T02:03:37.436Z] >>> [apiv2][query] GET https://compute.googleapis.com/compute/v1/projects/1097214229632 [none]
[debug] [2026-06-01T02:03:37.732Z] <<< [apiv2][status] GET https://compute.googleapis.com/compute/v1/projects/1097214229632 403
[debug] [2026-06-01T02:03:37.732Z] <<< [apiv2][body] GET https://compute.googleapis.com/compute/v1/projects/1097214229632 {"error":{"code":403,"message":"Compute Engine API has not been used in project 1097214229632 before or it is disabled. Enable it by visiting https://console.developers.google.com/apis/api/compute.googleapis.com/overview?project=1097214229632 then retry. If you enabled this API recently, wait a few minutes for the action to propagate to our systems and retry.","errors":[{"message":"Compute Engine API has not been used in project 1097214229632 before or it is disabled. Enable it by visiting https://console.developers.google.com/apis/api/compute.googleapis.com/overview?project=1097214229632 then retry. If you enabled this API recently, wait a few minutes for the action to propagate to our systems and retry.","domain":"usageLimits","reason":"accessNotConfigured","extendedHelp":"https://console.developers.google.com"}],"status":"PERMISSION_DENIED","details":[{"@type":"type.googleapis.com/google.rpc.ErrorInfo","reason":"SERVICE_DISABLED","domain":"googleapis.com","metadata":{"activationUrl":"https://console.developers.google.com/apis/api/compute.googleapis.com/overview?project=1097214229632","consumer":"projects/1097214229632","service":"compute.googleapis.com","serviceTitle":"Compute Engine API","containerInfo":"1097214229632"}},{"@type":"type.googleapis.com/google.rpc.LocalizedMessage","locale":"en-US","message":"Compute Engine API has not been used in project 1097214229632 before or it is disabled. Enable it by visiting https://console.developers.google.com/apis/api/compute.googleapis.com/overview?project=1097214229632 then retry. If you enabled this API recently, wait a few minutes for the action to propagate to our systems and retry."},{"@type":"type.googleapis.com/google.rpc.Help","links":[{"description":"Google developers console API activation","url":"https://console.developers.google.com/apis/api/compute.googleapis.com/overview?project=1097214229632"}]}]}}
[debug] [2026-06-01T02:03:37.733Z] unable to look up default compute service account. Falling back to 1097214229632-compute@developer.gserviceaccount.com. Error: {"name":"FirebaseError","children":[],"context":{"body":{"error":{"code":403,"message":"Compute Engine API has not been used in project 1097214229632 before or it is disabled. Enable it by visiting https://console.developers.google.com/apis/api/compute.googleapis.com/overview?project=1097214229632 then retry. If you enabled this API recently, wait a few minutes for the action to propagate to our systems and retry.","errors":[{"message":"Compute Engine API has not been used in project 1097214229632 before or it is disabled. Enable it by visiting https://console.developers.google.com/apis/api/compute.googleapis.com/overview?project=1097214229632 then retry. If you enabled this API recently, wait a few minutes for the action to propagate to our systems and retry.","domain":"usageLimits","reason":"accessNotConfigured","extendedHelp":"https://console.developers.google.com"}],"status":"PERMISSION_DENIED","details":[{"@type":"type.googleapis.com/google.rpc.ErrorInfo","reason":"SERVICE_DISABLED","domain":"googleapis.com","metadata":{"activationUrl":"https://console.developers.google.com/apis/api/compute.googleapis.com/overview?project=1097214229632","consumer":"projects/1097214229632","service":"compute.googleapis.com","serviceTitle":"Compute Engine API","containerInfo":"1097214229632"}},{"@type":"type.googleapis.com/google.rpc.LocalizedMessage","locale":"en-US","message":"Compute Engine API has not been used in project 1097214229632 before or it is disabled. Enable it by visiting https://console.developers.google.com/apis/api/compute.googleapis.com/overview?project=1097214229632 then retry. If you enabled this API recently, wait a few minutes for the action to propagate to our systems and retry."},{"@type":"type.googleapis.com/google.rpc.Help","links":[{"description":"Google developers console API activation","url":"https://console.developers.google.com/apis/api/compute.googleapis.com/overview?project=1097214229632"}]}]}},"response":{"statusCode":403}},"exit":1,"message":"Request to https://compute.googleapis.com/compute/v1/projects/1097214229632 had HTTP Error: 403, Compute Engine API has not been used in project 1097214229632 before or it is disabled. Enable it by visiting https://console.developers.google.com/apis/api/compute.googleapis.com/overview?project=1097214229632 then retry. If you enabled this API recently, wait a few minutes for the action to propagate to our systems and retry.","status":403}
[debug] [2026-06-01T02:03:37.734Z] Checked if tokens are valid: true, expires at: 1780281501336
[debug] [2026-06-01T02:03:37.734Z] Checked if tokens are valid: true, expires at: 1780281501336
[debug] [2026-06-01T02:03:37.734Z] >>> [apiv2][query] POST https://cloudresourcemanager.googleapis.com/v1/projects/1097214229632:getIamPolicy [none]
[debug] [2026-06-01T02:03:37.946Z] <<< [apiv2][status] POST https://cloudresourcemanager.googleapis.com/v1/projects/1097214229632:getIamPolicy 200
[debug] [2026-06-01T02:03:37.946Z] <<< [apiv2][body] POST https://cloudresourcemanager.googleapis.com/v1/projects/1097214229632:getIamPolicy {"version":1,"etag":"BwZLvwnFr7A=","bindings":[{"role":"roles/artifactregistry.serviceAgent","members":["serviceAccount:service-1097214229632@gcp-sa-artifactregistry.iam.gserviceaccount.com"]},{"role":"roles/cloudaicompanion.serviceAgent","members":["serviceAccount:service-1097214229632@gcp-sa-cloudaicompanion.iam.gserviceaccount.com"]},{"role":"roles/cloudbuild.builds.builder","members":["serviceAccount:1097214229632@cloudbuild.gserviceaccount.com"]},{"role":"roles/cloudbuild.serviceAgent","members":["serviceAccount:service-1097214229632@gcp-sa-cloudbuild.iam.gserviceaccount.com"]},{"role":"roles/cloudconfig.admin","members":["serviceAccount:firebase-adminsdk-jc6ic@tecniapp-ice.iam.gserviceaccount.com"]},{"role":"roles/cloudfunctions.admin","members":["serviceAccount:firebase-adminsdk-jc6ic@tecniapp-ice.iam.gserviceaccount.com"]},{"role":"roles/cloudfunctions.serviceAgent","members":["serviceAccount:service-1097214229632@gcf-admin-robot.iam.gserviceaccount.com"]},{"role":"roles/cloudscheduler.serviceAgent","members":["serviceAccount:service-1097214229632@gcp-sa-cloudscheduler.iam.gserviceaccount.com"]},{"role":"roles/containerregistry.ServiceAgent","members":["serviceAccount:service-1097214229632@containerregistry.iam.gserviceaccount.com"]},{"role":"roles/datastore.owner","members":["serviceAccount:ext-delete-user-data-9ukx@tecniapp-ice.iam.gserviceaccount.com","serviceAccount:ext-delete-user-data@tecniapp-ice.iam.gserviceaccount.com"]},{"role":"roles/editor","members":["serviceAccount:1097214229632-compute@developer.gserviceaccount.com","serviceAccount:1097214229632@cloudservices.gserviceaccount.com","serviceAccount:tecniapp-ice@appspot.gserviceaccount.com"]},{"role":"roles/eventarc.eventReceiver","members":["serviceAccount:1097214229632-compute@developer.gserviceaccount.com"]},{"role":"roles/eventarc.publisher","members":["serviceAccount:ext-delete-user-data-9ukx@tecniapp-ice.iam.gserviceaccount.com"]},{"role":"roles/eventarc.serviceAgent","members":["serviceAccount:service-1097214229632@gcp-sa-eventarc.iam.gserviceaccount.com"]},{"role":"roles/firebase.managementServiceAgent","members":["serviceAccount:firebase-service-account@firebase-sa-management.iam.gserviceaccount.com","serviceAccount:service-1097214229632@gcp-sa-firebase.iam.gserviceaccount.com"]},{"role":"roles/firebase.sdkAdminServiceAgent","members":["serviceAccount:firebase-adminsdk-jc6ic@tecniapp-ice.iam.gserviceaccount.com"]},{"role":"roles/firebaseappcheck.admin","members":["serviceAccount:firebase-adminsdk-jc6ic@tecniapp-ice.iam.gserviceaccount.com"]},{"role":"roles/firebaseauth.admin","members":["serviceAccount:firebase-adminsdk-jc6ic@tecniapp-ice.iam.gserviceaccount.com"]},{"role":"roles/firebasedatabase.admin","members":["serviceAccount:ext-delete-user-data-9ukx@tecniapp-ice.iam.gserviceaccount.com","serviceAccount:ext-delete-user-data@tecniapp-ice.iam.gserviceaccount.com","serviceAccount:firebase-adminsdk-jc6ic@tecniapp-ice.iam.gserviceaccount.com"]},{"role":"roles/firebasedatabase.serviceAgent","members":["serviceAccount:service-1097214229632@gcp-sa-firebasedatabase.iam.gserviceaccount.com"]},{"role":"roles/firebasemods.serviceAgent","members":["serviceAccount:service-1097214229632@gcp-sa-firebasemods.iam.gserviceaccount.com"]},{"role":"roles/firebaserules.system","members":["serviceAccount:service-1097214229632@firebase-rules.iam.gserviceaccount.com"]},{"role":"roles/firebasestorage.serviceAgent","members":["serviceAccount:service-1097214229632@gcp-sa-firebasestorage.iam.gserviceaccount.com"]},{"role":"roles/firestore.serviceAgent","members":["serviceAccount:service-1097214229632@gcp-sa-firestore.iam.gserviceaccount.com"]},{"role":"roles/iam.serviceAccountTokenCreator","members":["serviceAccount:firebase-adminsdk-jc6ic@tecniapp-ice.iam.gserviceaccount.com","serviceAccount:service-1097214229632@gcp-sa-pubsub.iam.gserviceaccount.com"]},{"role":"roles/owner","members":["user:emanueljab@gmail.com"]},{"role":"roles/pubsub.admin","members":["serviceAccount:ext-delete-user-data-9ukx@tecniapp-ice.iam.gserviceaccount.com","serviceAccount:ext-delete-user-data@tecniapp-ice.iam.gserviceaccount.com"]},{"role":"roles/pubsub.serviceAgent","members":["serviceAccount:service-1097214229632@gcp-sa-pubsub.iam.gserviceaccount.com"]},{"role":"roles/run.invoker","members":["serviceAccount:1097214229632-compute@developer.gserviceaccount.com"]},{"role":"roles/run.serviceAgent","members":["serviceAccount:service-1097214229632@serverless-robot-prod.iam.gserviceaccount.com"]},{"role":"roles/storage.admin","members":["serviceAccount:ext-delete-user-data-9ukx@tecniapp-ice.iam.gserviceaccount.com","serviceAccount:ext-delete-user-data@tecniapp-ice.iam.gserviceaccount.com","serviceAccount:firebase-adminsdk-jc6ic@tecniapp-ice.iam.gserviceaccount.com"]}]}
[debug] [2026-06-01T02:03:37.948Z] Checked if tokens are valid: true, expires at: 1780281501336
[debug] [2026-06-01T02:03:37.948Z] Checked if tokens are valid: true, expires at: 1780281501336
[debug] [2026-06-01T02:03:37.948Z] >>> [apiv2][query] GET https://cloudresourcemanager.googleapis.com/v1/projects/tecniapp-ice [none]
[debug] [2026-06-01T02:03:38.073Z] <<< [apiv2][status] GET https://cloudresourcemanager.googleapis.com/v1/projects/tecniapp-ice 200
[debug] [2026-06-01T02:03:38.073Z] <<< [apiv2][body] GET https://cloudresourcemanager.googleapis.com/v1/projects/tecniapp-ice {"projectNumber":"1097214229632","projectId":"tecniapp-ice","lifecycleState":"ACTIVE","name":"TecniApp-ICE","labels":{"firebase":"enabled"},"createTime":"2024-08-05T01:05:53.862540Z"}
[debug] [2026-06-01T02:03:38.074Z] Checked if tokens are valid: true, expires at: 1780281501336
[debug] [2026-06-01T02:03:38.074Z] Checked if tokens are valid: true, expires at: 1780281501336
[debug] [2026-06-01T02:03:38.074Z] >>> [apiv2][query] GET https://compute.googleapis.com/compute/v1/projects/1097214229632 [none]
[debug] [2026-06-01T02:03:38.210Z] <<< [apiv2][status] GET https://compute.googleapis.com/compute/v1/projects/1097214229632 403
[debug] [2026-06-01T02:03:38.210Z] <<< [apiv2][body] GET https://compute.googleapis.com/compute/v1/projects/1097214229632 {"error":{"code":403,"message":"Compute Engine API has not been used in project 1097214229632 before or it is disabled. Enable it by visiting https://console.developers.google.com/apis/api/compute.googleapis.com/overview?project=1097214229632 then retry. If you enabled this API recently, wait a few minutes for the action to propagate to our systems and retry.","errors":[{"message":"Compute Engine API has not been used in project 1097214229632 before or it is disabled. Enable it by visiting https://console.developers.google.com/apis/api/compute.googleapis.com/overview?project=1097214229632 then retry. If you enabled this API recently, wait a few minutes for the action to propagate to our systems and retry.","domain":"usageLimits","reason":"accessNotConfigured","extendedHelp":"https://console.developers.google.com"}],"status":"PERMISSION_DENIED","details":[{"@type":"type.googleapis.com/google.rpc.ErrorInfo","reason":"SERVICE_DISABLED","domain":"googleapis.com","metadata":{"activationUrl":"https://console.developers.google.com/apis/api/compute.googleapis.com/overview?project=1097214229632","containerInfo":"1097214229632","consumer":"projects/1097214229632","serviceTitle":"Compute Engine API","service":"compute.googleapis.com"}},{"@type":"type.googleapis.com/google.rpc.LocalizedMessage","locale":"en-US","message":"Compute Engine API has not been used in project 1097214229632 before or it is disabled. Enable it by visiting https://console.developers.google.com/apis/api/compute.googleapis.com/overview?project=1097214229632 then retry. If you enabled this API recently, wait a few minutes for the action to propagate to our systems and retry."},{"@type":"type.googleapis.com/google.rpc.Help","links":[{"description":"Google developers console API activation","url":"https://console.developers.google.com/apis/api/compute.googleapis.com/overview?project=1097214229632"}]}]}}
[debug] [2026-06-01T02:03:38.210Z] unable to look up default compute service account. Falling back to 1097214229632-compute@developer.gserviceaccount.com. Error: {"name":"FirebaseError","children":[],"context":{"body":{"error":{"code":403,"message":"Compute Engine API has not been used in project 1097214229632 before or it is disabled. Enable it by visiting https://console.developers.google.com/apis/api/compute.googleapis.com/overview?project=1097214229632 then retry. If you enabled this API recently, wait a few minutes for the action to propagate to our systems and retry.","errors":[{"message":"Compute Engine API has not been used in project 1097214229632 before or it is disabled. Enable it by visiting https://console.developers.google.com/apis/api/compute.googleapis.com/overview?project=1097214229632 then retry. If you enabled this API recently, wait a few minutes for the action to propagate to our systems and retry.","domain":"usageLimits","reason":"accessNotConfigured","extendedHelp":"https://console.developers.google.com"}],"status":"PERMISSION_DENIED","details":[{"@type":"type.googleapis.com/google.rpc.ErrorInfo","reason":"SERVICE_DISABLED","domain":"googleapis.com","metadata":{"activationUrl":"https://console.developers.google.com/apis/api/compute.googleapis.com/overview?project=1097214229632","containerInfo":"1097214229632","consumer":"projects/1097214229632","serviceTitle":"Compute Engine API","service":"compute.googleapis.com"}},{"@type":"type.googleapis.com/google.rpc.LocalizedMessage","locale":"en-US","message":"Compute Engine API has not been used in project 1097214229632 before or it is disabled. Enable it by visiting https://console.developers.google.com/apis/api/compute.googleapis.com/overview?project=1097214229632 then retry. If you enabled this API recently, wait a few minutes for the action to propagate to our systems and retry."},{"@type":"type.googleapis.com/google.rpc.Help","links":[{"description":"Google developers console API activation","url":"https://console.developers.google.com/apis/api/compute.googleapis.com/overview?project=1097214229632"}]}]}},"response":{"statusCode":403}},"exit":1,"message":"Request to https://compute.googleapis.com/compute/v1/projects/1097214229632 had HTTP Error: 403, Compute Engine API has not been used in project 1097214229632 before or it is disabled. Enable it by visiting https://console.developers.google.com/apis/api/compute.googleapis.com/overview?project=1097214229632 then retry. If you enabled this API recently, wait a few minutes for the action to propagate to our systems and retry.","status":403}
[debug] [2026-06-01T02:03:38.211Z] Checked if tokens are valid: true, expires at: 1780281501336
[debug] [2026-06-01T02:03:38.211Z] Checked if tokens are valid: true, expires at: 1780281501336
[debug] [2026-06-01T02:03:38.211Z] >>> [apiv2][query] GET https://compute.googleapis.com/compute/v1/projects/1097214229632 [none]
[debug] [2026-06-01T02:03:38.314Z] <<< [apiv2][status] GET https://compute.googleapis.com/compute/v1/projects/1097214229632 403
[debug] [2026-06-01T02:03:38.314Z] <<< [apiv2][body] GET https://compute.googleapis.com/compute/v1/projects/1097214229632 {"error":{"code":403,"message":"Compute Engine API has not been used in project 1097214229632 before or it is disabled. Enable it by visiting https://console.developers.google.com/apis/api/compute.googleapis.com/overview?project=1097214229632 then retry. If you enabled this API recently, wait a few minutes for the action to propagate to our systems and retry.","errors":[{"message":"Compute Engine API has not been used in project 1097214229632 before or it is disabled. Enable it by visiting https://console.developers.google.com/apis/api/compute.googleapis.com/overview?project=1097214229632 then retry. If you enabled this API recently, wait a few minutes for the action to propagate to our systems and retry.","domain":"usageLimits","reason":"accessNotConfigured","extendedHelp":"https://console.developers.google.com"}],"status":"PERMISSION_DENIED","details":[{"@type":"type.googleapis.com/google.rpc.ErrorInfo","reason":"SERVICE_DISABLED","domain":"googleapis.com","metadata":{"consumer":"projects/1097214229632","service":"compute.googleapis.com","serviceTitle":"Compute Engine API","containerInfo":"1097214229632","activationUrl":"https://console.developers.google.com/apis/api/compute.googleapis.com/overview?project=1097214229632"}},{"@type":"type.googleapis.com/google.rpc.LocalizedMessage","locale":"en-US","message":"Compute Engine API has not been used in project 1097214229632 before or it is disabled. Enable it by visiting https://console.developers.google.com/apis/api/compute.googleapis.com/overview?project=1097214229632 then retry. If you enabled this API recently, wait a few minutes for the action to propagate to our systems and retry."},{"@type":"type.googleapis.com/google.rpc.Help","links":[{"description":"Google developers console API activation","url":"https://console.developers.google.com/apis/api/compute.googleapis.com/overview?project=1097214229632"}]}]}}
[debug] [2026-06-01T02:03:38.315Z] unable to look up default compute service account. Falling back to 1097214229632-compute@developer.gserviceaccount.com. Error: {"name":"FirebaseError","children":[],"context":{"body":{"error":{"code":403,"message":"Compute Engine API has not been used in project 1097214229632 before or it is disabled. Enable it by visiting https://console.developers.google.com/apis/api/compute.googleapis.com/overview?project=1097214229632 then retry. If you enabled this API recently, wait a few minutes for the action to propagate to our systems and retry.","errors":[{"message":"Compute Engine API has not been used in project 1097214229632 before or it is disabled. Enable it by visiting https://console.developers.google.com/apis/api/compute.googleapis.com/overview?project=1097214229632 then retry. If you enabled this API recently, wait a few minutes for the action to propagate to our systems and retry.","domain":"usageLimits","reason":"accessNotConfigured","extendedHelp":"https://console.developers.google.com"}],"status":"PERMISSION_DENIED","details":[{"@type":"type.googleapis.com/google.rpc.ErrorInfo","reason":"SERVICE_DISABLED","domain":"googleapis.com","metadata":{"consumer":"projects/1097214229632","service":"compute.googleapis.com","serviceTitle":"Compute Engine API","containerInfo":"1097214229632","activationUrl":"https://console.developers.google.com/apis/api/compute.googleapis.com/overview?project=1097214229632"}},{"@type":"type.googleapis.com/google.rpc.LocalizedMessage","locale":"en-US","message":"Compute Engine API has not been used in project 1097214229632 before or it is disabled. Enable it by visiting https://console.developers.google.com/apis/api/compute.googleapis.com/overview?project=1097214229632 then retry. If you enabled this API recently, wait a few minutes for the action to propagate to our systems and retry."},{"@type":"type.googleapis.com/google.rpc.Help","links":[{"description":"Google developers console API activation","url":"https://console.developers.google.com/apis/api/compute.googleapis.com/overview?project=1097214229632"}]}]}},"response":{"statusCode":403}},"exit":1,"message":"Request to https://compute.googleapis.com/compute/v1/projects/1097214229632 had HTTP Error: 403, Compute Engine API has not been used in project 1097214229632 before or it is disabled. Enable it by visiting https://console.developers.google.com/apis/api/compute.googleapis.com/overview?project=1097214229632 then retry. If you enabled this API recently, wait a few minutes for the action to propagate to our systems and retry.","status":403}
[debug] [2026-06-01T02:03:38.316Z] Checked if tokens are valid: true, expires at: 1780281501336
[debug] [2026-06-01T02:03:38.316Z] Checked if tokens are valid: true, expires at: 1780281501336
[debug] [2026-06-01T02:03:38.316Z] >>> [apiv2][query] GET https://compute.googleapis.com/compute/v1/projects/1097214229632 [none]
[debug] [2026-06-01T02:03:38.437Z] <<< [apiv2][status] GET https://compute.googleapis.com/compute/v1/projects/1097214229632 403
[debug] [2026-06-01T02:03:38.437Z] <<< [apiv2][body] GET https://compute.googleapis.com/compute/v1/projects/1097214229632 {"error":{"code":403,"message":"Compute Engine API has not been used in project 1097214229632 before or it is disabled. Enable it by visiting https://console.developers.google.com/apis/api/compute.googleapis.com/overview?project=1097214229632 then retry. If you enabled this API recently, wait a few minutes for the action to propagate to our systems and retry.","errors":[{"message":"Compute Engine API has not been used in project 1097214229632 before or it is disabled. Enable it by visiting https://console.developers.google.com/apis/api/compute.googleapis.com/overview?project=1097214229632 then retry. If you enabled this API recently, wait a few minutes for the action to propagate to our systems and retry.","domain":"usageLimits","reason":"accessNotConfigured","extendedHelp":"https://console.developers.google.com"}],"status":"PERMISSION_DENIED","details":[{"@type":"type.googleapis.com/google.rpc.ErrorInfo","reason":"SERVICE_DISABLED","domain":"googleapis.com","metadata":{"activationUrl":"https://console.developers.google.com/apis/api/compute.googleapis.com/overview?project=1097214229632","serviceTitle":"Compute Engine API","containerInfo":"1097214229632","service":"compute.googleapis.com","consumer":"projects/1097214229632"}},{"@type":"type.googleapis.com/google.rpc.LocalizedMessage","locale":"en-US","message":"Compute Engine API has not been used in project 1097214229632 before or it is disabled. Enable it by visiting https://console.developers.google.com/apis/api/compute.googleapis.com/overview?project=1097214229632 then retry. If you enabled this API recently, wait a few minutes for the action to propagate to our systems and retry."},{"@type":"type.googleapis.com/google.rpc.Help","links":[{"description":"Google developers console API activation","url":"https://console.developers.google.com/apis/api/compute.googleapis.com/overview?project=1097214229632"}]}]}}
[debug] [2026-06-01T02:03:38.437Z] unable to look up default compute service account. Falling back to 1097214229632-compute@developer.gserviceaccount.com. Error: {"name":"FirebaseError","children":[],"context":{"body":{"error":{"code":403,"message":"Compute Engine API has not been used in project 1097214229632 before or it is disabled. Enable it by visiting https://console.developers.google.com/apis/api/compute.googleapis.com/overview?project=1097214229632 then retry. If you enabled this API recently, wait a few minutes for the action to propagate to our systems and retry.","errors":[{"message":"Compute Engine API has not been used in project 1097214229632 before or it is disabled. Enable it by visiting https://console.developers.google.com/apis/api/compute.googleapis.com/overview?project=1097214229632 then retry. If you enabled this API recently, wait a few minutes for the action to propagate to our systems and retry.","domain":"usageLimits","reason":"accessNotConfigured","extendedHelp":"https://console.developers.google.com"}],"status":"PERMISSION_DENIED","details":[{"@type":"type.googleapis.com/google.rpc.ErrorInfo","reason":"SERVICE_DISABLED","domain":"googleapis.com","metadata":{"activationUrl":"https://console.developers.google.com/apis/api/compute.googleapis.com/overview?project=1097214229632","serviceTitle":"Compute Engine API","containerInfo":"1097214229632","service":"compute.googleapis.com","consumer":"projects/1097214229632"}},{"@type":"type.googleapis.com/google.rpc.LocalizedMessage","locale":"en-US","message":"Compute Engine API has not been used in project 1097214229632 before or it is disabled. Enable it by visiting https://console.developers.google.com/apis/api/compute.googleapis.com/overview?project=1097214229632 then retry. If you enabled this API recently, wait a few minutes for the action to propagate to our systems and retry."},{"@type":"type.googleapis.com/google.rpc.Help","links":[{"description":"Google developers console API activation","url":"https://console.developers.google.com/apis/api/compute.googleapis.com/overview?project=1097214229632"}]}]}},"response":{"statusCode":403}},"exit":1,"message":"Request to https://compute.googleapis.com/compute/v1/projects/1097214229632 had HTTP Error: 403, Compute Engine API has not been used in project 1097214229632 before or it is disabled. Enable it by visiting https://console.developers.google.com/apis/api/compute.googleapis.com/overview?project=1097214229632 then retry. If you enabled this API recently, wait a few minutes for the action to propagate to our systems and retry.","status":403}
[debug] [2026-06-01T02:03:38.438Z] Checked if tokens are valid: true, expires at: 1780281501336
[debug] [2026-06-01T02:03:38.438Z] Checked if tokens are valid: true, expires at: 1780281501336
[debug] [2026-06-01T02:03:38.438Z] >>> [apiv2][query] GET https://compute.googleapis.com/compute/v1/projects/1097214229632 [none]
[debug] [2026-06-01T02:03:38.583Z] <<< [apiv2][status] GET https://compute.googleapis.com/compute/v1/projects/1097214229632 403
[debug] [2026-06-01T02:03:38.583Z] <<< [apiv2][body] GET https://compute.googleapis.com/compute/v1/projects/1097214229632 {"error":{"code":403,"message":"Compute Engine API has not been used in project 1097214229632 before or it is disabled. Enable it by visiting https://console.developers.google.com/apis/api/compute.googleapis.com/overview?project=1097214229632 then retry. If you enabled this API recently, wait a few minutes for the action to propagate to our systems and retry.","errors":[{"message":"Compute Engine API has not been used in project 1097214229632 before or it is disabled. Enable it by visiting https://console.developers.google.com/apis/api/compute.googleapis.com/overview?project=1097214229632 then retry. If you enabled this API recently, wait a few minutes for the action to propagate to our systems and retry.","domain":"usageLimits","reason":"accessNotConfigured","extendedHelp":"https://console.developers.google.com"}],"status":"PERMISSION_DENIED","details":[{"@type":"type.googleapis.com/google.rpc.ErrorInfo","reason":"SERVICE_DISABLED","domain":"googleapis.com","metadata":{"activationUrl":"https://console.developers.google.com/apis/api/compute.googleapis.com/overview?project=1097214229632","serviceTitle":"Compute Engine API","containerInfo":"1097214229632","service":"compute.googleapis.com","consumer":"projects/1097214229632"}},{"@type":"type.googleapis.com/google.rpc.LocalizedMessage","locale":"en-US","message":"Compute Engine API has not been used in project 1097214229632 before or it is disabled. Enable it by visiting https://console.developers.google.com/apis/api/compute.googleapis.com/overview?project=1097214229632 then retry. If you enabled this API recently, wait a few minutes for the action to propagate to our systems and retry."},{"@type":"type.googleapis.com/google.rpc.Help","links":[{"description":"Google developers console API activation","url":"https://console.developers.google.com/apis/api/compute.googleapis.com/overview?project=1097214229632"}]}]}}
[debug] [2026-06-01T02:03:38.583Z] unable to look up default compute service account. Falling back to 1097214229632-compute@developer.gserviceaccount.com. Error: {"name":"FirebaseError","children":[],"context":{"body":{"error":{"code":403,"message":"Compute Engine API has not been used in project 1097214229632 before or it is disabled. Enable it by visiting https://console.developers.google.com/apis/api/compute.googleapis.com/overview?project=1097214229632 then retry. If you enabled this API recently, wait a few minutes for the action to propagate to our systems and retry.","errors":[{"message":"Compute Engine API has not been used in project 1097214229632 before or it is disabled. Enable it by visiting https://console.developers.google.com/apis/api/compute.googleapis.com/overview?project=1097214229632 then retry. If you enabled this API recently, wait a few minutes for the action to propagate to our systems and retry.","domain":"usageLimits","reason":"accessNotConfigured","extendedHelp":"https://console.developers.google.com"}],"status":"PERMISSION_DENIED","details":[{"@type":"type.googleapis.com/google.rpc.ErrorInfo","reason":"SERVICE_DISABLED","domain":"googleapis.com","metadata":{"activationUrl":"https://console.developers.google.com/apis/api/compute.googleapis.com/overview?project=1097214229632","serviceTitle":"Compute Engine API","containerInfo":"1097214229632","service":"compute.googleapis.com","consumer":"projects/1097214229632"}},{"@type":"type.googleapis.com/google.rpc.LocalizedMessage","locale":"en-US","message":"Compute Engine API has not been used in project 1097214229632 before or it is disabled. Enable it by visiting https://console.developers.google.com/apis/api/compute.googleapis.com/overview?project=1097214229632 then retry. If you enabled this API recently, wait a few minutes for the action to propagate to our systems and retry."},{"@type":"type.googleapis.com/google.rpc.Help","links":[{"description":"Google developers console API activation","url":"https://console.developers.google.com/apis/api/compute.googleapis.com/overview?project=1097214229632"}]}]}},"response":{"statusCode":403}},"exit":1,"message":"Request to https://compute.googleapis.com/compute/v1/projects/1097214229632 had HTTP Error: 403, Compute Engine API has not been used in project 1097214229632 before or it is disabled. Enable it by visiting https://console.developers.google.com/apis/api/compute.googleapis.com/overview?project=1097214229632 then retry. If you enabled this API recently, wait a few minutes for the action to propagate to our systems and retry.","status":403}
[info] i  functions: ensuring 1097214229632-compute@developer.gserviceaccount.com access to secret MAIL_USER. 
[debug] [2026-06-01T02:03:38.584Z] Checked if tokens are valid: true, expires at: 1780281501336
[debug] [2026-06-01T02:03:38.584Z] Checked if tokens are valid: true, expires at: 1780281501336
[info] i  functions: ensuring 1097214229632-compute@developer.gserviceaccount.com access to secret MAIL_PASS. 
[debug] [2026-06-01T02:03:38.584Z] Checked if tokens are valid: true, expires at: 1780281501336
[debug] [2026-06-01T02:03:38.584Z] Checked if tokens are valid: true, expires at: 1780281501336
[debug] [2026-06-01T02:03:38.584Z] >>> [apiv2][query] GET https://secretmanager.googleapis.com/v1/projects/tecniapp-ice/secrets/MAIL_USER:getIamPolicy [none]
[debug] [2026-06-01T02:03:38.584Z] >>> [apiv2][query] GET https://secretmanager.googleapis.com/v1/projects/tecniapp-ice/secrets/MAIL_PASS:getIamPolicy [none]
[debug] [2026-06-01T02:03:38.858Z] <<< [apiv2][status] GET https://secretmanager.googleapis.com/v1/projects/tecniapp-ice/secrets/MAIL_PASS:getIamPolicy 200
[debug] [2026-06-01T02:03:38.858Z] <<< [apiv2][body] GET https://secretmanager.googleapis.com/v1/projects/tecniapp-ice/secrets/MAIL_PASS:getIamPolicy {"version":1,"etag":"BwZJWQITUOY=","bindings":[{"role":"roles/secretmanager.secretAccessor","members":["serviceAccount:1097214229632-compute@developer.gserviceaccount.com"]}]}
[info] +  secretmanager: Granted roles/secretmanager.secretAccessor on projects/tecniapp-ice/secrets/MAIL_PASS to 1097214229632-compute@developer.gserviceaccount.com 
[info] +  functions: ensured 1097214229632-compute@developer.gserviceaccount.com access to MAIL_PASS. 
[debug] [2026-06-01T02:03:38.862Z] <<< [apiv2][status] GET https://secretmanager.googleapis.com/v1/projects/tecniapp-ice/secrets/MAIL_USER:getIamPolicy 200
[debug] [2026-06-01T02:03:38.863Z] <<< [apiv2][body] GET https://secretmanager.googleapis.com/v1/projects/tecniapp-ice/secrets/MAIL_USER:getIamPolicy {"version":1,"etag":"BwZJWQIR8I4=","bindings":[{"role":"roles/secretmanager.secretAccessor","members":["serviceAccount:1097214229632-compute@developer.gserviceaccount.com"]}]}
[info] +  secretmanager: Granted roles/secretmanager.secretAccessor on projects/tecniapp-ice/secrets/MAIL_USER to 1097214229632-compute@developer.gserviceaccount.com 
[info] +  functions: ensured 1097214229632-compute@developer.gserviceaccount.com access to MAIL_USER. 
[debug] [2026-06-01T02:03:38.868Z] Checked if tokens are valid: true, expires at: 1780281501336
[debug] [2026-06-01T02:03:38.868Z] Checked if tokens are valid: true, expires at: 1780281501336
[debug] [2026-06-01T02:03:38.868Z] >>> [apiv2][query] GET https://cloudbilling.googleapis.com/v1/projects/tecniapp-ice/billingInfo [none]
[debug] [2026-06-01T02:03:39.316Z] <<< [apiv2][status] GET https://cloudbilling.googleapis.com/v1/projects/tecniapp-ice/billingInfo 200
[debug] [2026-06-01T02:03:39.316Z] <<< [apiv2][body] GET https://cloudbilling.googleapis.com/v1/projects/tecniapp-ice/billingInfo {"name":"projects/tecniapp-ice/billingInfo","projectId":"tecniapp-ice","billingAccountName":"billingAccounts/014ABB-51E7F1-9F54E7","billingEnabled":true}
[debug] [2026-06-01T02:03:39.319Z] Checked if tokens are valid: true, expires at: 1780281501336
[debug] [2026-06-01T02:03:39.319Z] Checked if tokens are valid: true, expires at: 1780281501336
[debug] [2026-06-01T02:03:39.319Z] >>> [apiv2][query] POST https://cloudfunctions.googleapis.com/v2/projects/tecniapp-ice/locations/us-central1/functions:generateUploadUrl [none]
[debug] [2026-06-01T02:03:39.663Z] <<< [apiv2][status] POST https://cloudfunctions.googleapis.com/v2/projects/tecniapp-ice/locations/us-central1/functions:generateUploadUrl 200
[debug] [2026-06-01T02:03:39.663Z] <<< [apiv2][body] POST https://cloudfunctions.googleapis.com/v2/projects/tecniapp-ice/locations/us-central1/functions:generateUploadUrl {"uploadUrl":"https://storage.googleapis.com/gcf-v2-uploads-1097214229632.us-central1.cloudfunctions.appspot.com/3cf33421-deae-4990-8d49-9e0fa337ba89.zip?GoogleAccessId=service-1097214229632@gcf-admin-robot.iam.gserviceaccount.com&Expires=1780281219&Signature=Bf5NintFtujNxFPk7wTVymYHeZToDYhD5qfC7VbblrdkKDVdOGi87CFU4chYX0KMw%2BR1Xm6ODatnow02JRimrpfbtDIF3yTtCQPHCFPuNUcU8a0ppqOnwf4t5EdIRO%2Bbu729frm1zPArW6FYWVnTEI7Zy3A8dkefEQkONCFpdaHgbOJc02EdknUdp%2Fa%2FHUrXUmWXShNjOEQgEIckoQQ%2BT3NgZYTeGPC%2BARz2bRzOYGorg0ldDEXm22NJutSgrkSYNx2Slc1HC3uw38PAORems1QklyJoYJGKuR0XNCNMHCbg4TjJLuBFC7LjoSPfqMMcRwtfZ%2FamNYW49uHfoPVL7w%3D%3D","storageSource":{"bucket":"gcf-v2-uploads-1097214229632.us-central1.cloudfunctions.appspot.com","object":"3cf33421-deae-4990-8d49-9e0fa337ba89.zip"}}
[debug] [2026-06-01T02:03:39.664Z] >>> [apiv2][query] PUT https://storage.googleapis.com/gcf-v2-uploads-1097214229632.us-central1.cloudfunctions.appspot.com/3cf33421-deae-4990-8d49-9e0fa337ba89.zip GoogleAccessId=service-1097214229632%40gcf-admin-robot.iam.gserviceaccount.com&Expires=1780281219&Signature=Bf5NintFtujNxFPk7wTVymYHeZToDYhD5qfC7VbblrdkKDVdOGi87CFU4chYX0KMw%2BR1Xm6ODatnow02JRimrpfbtDIF3yTtCQPHCFPuNUcU8a0ppqOnwf4t5EdIRO%2Bbu729frm1zPArW6FYWVnTEI7Zy3A8dkefEQkONCFpdaHgbOJc02EdknUdp%2Fa%2FHUrXUmWXShNjOEQgEIckoQQ%2BT3NgZYTeGPC%2BARz2bRzOYGorg0ldDEXm22NJutSgrkSYNx2Slc1HC3uw38PAORems1QklyJoYJGKuR0XNCNMHCbg4TjJLuBFC7LjoSPfqMMcRwtfZ%2FamNYW49uHfoPVL7w%3D%3D
[debug] [2026-06-01T02:03:39.664Z] >>> [apiv2][body] PUT https://storage.googleapis.com/gcf-v2-uploads-1097214229632.us-central1.cloudfunctions.appspot.com/3cf33421-deae-4990-8d49-9e0fa337ba89.zip [stream]
[debug] [2026-06-01T02:03:40.148Z] <<< [apiv2][status] PUT https://storage.googleapis.com/gcf-v2-uploads-1097214229632.us-central1.cloudfunctions.appspot.com/3cf33421-deae-4990-8d49-9e0fa337ba89.zip 200
[debug] [2026-06-01T02:03:40.149Z] <<< [apiv2][body] PUT https://storage.googleapis.com/gcf-v2-uploads-1097214229632.us-central1.cloudfunctions.appspot.com/3cf33421-deae-4990-8d49-9e0fa337ba89.zip [omitted]
[info] +  functions: functions source uploaded successfully 
[info] i  functions: creating Node.js 22 (2nd Gen) function syncAveriasYNotificar(us-central1)... 
[info] i  functions: creating Node.js 22 (2nd Gen) function sendVerificationCode(us-central1)... 
[info] i  functions: creating Node.js 22 (2nd Gen) function sendReport(us-central1)... 
[info] i  functions: creating Node.js 22 (2nd Gen) function notifyProgramacionAssigned(us-central1)... 
[debug] [2026-06-01T02:03:40.156Z] Checked if tokens are valid: true, expires at: 1780281501336
[debug] [2026-06-01T02:03:40.156Z] Checked if tokens are valid: true, expires at: 1780281501336
[debug] [2026-06-01T02:03:40.156Z] >>> [apiv2][query] POST https://cloudfunctions.googleapis.com/v2/projects/tecniapp-ice/locations/us-central1/functions functionId=syncAveriasYNotificar
[debug] [2026-06-01T02:03:40.156Z] >>> [apiv2][body] POST https://cloudfunctions.googleapis.com/v2/projects/tecniapp-ice/locations/us-central1/functions {"name":"projects/tecniapp-ice/locations/us-central1/functions/syncAveriasYNotificar","buildConfig":{"runtime":"nodejs22","entryPoint":"syncAveriasYNotificar","source":{"storageSource":{"bucket":"gcf-v2-uploads-1097214229632.us-central1.cloudfunctions.appspot.com","object":"3cf33421-deae-4990-8d49-9e0fa337ba89.zip"}},"environmentVariables":{"GOOGLE_NODE_RUN_SCRIPTS":""}},"serviceConfig":{"environmentVariables":{"FIREBASE_CONFIG":"{\"projectId\":\"tecniapp-ice\",\"databaseURL\":\"https://tecniapp-ice-default-rtdb.firebaseio.com\",\"storageBucket\":\"tecniapp-ice.firebasestorage.app\"}","GCLOUD_PROJECT":"tecniapp-ice","EVENTARC_CLOUD_EVENT_SOURCE":"projects/tecniapp-ice/locations/us-central1/services/syncAveriasYNotificar","FUNCTION_TARGET":"syncAveriasYNotificar","LOG_EXECUTION_ID":"true"},"ingressSettings":null,"timeoutSeconds":null,"serviceAccountEmail":null,"availableMemory":"256Mi","minInstanceCount":null,"maxInstanceCount":null,"maxInstanceRequestConcurrency":80,"availableCpu":"1","vpcConnector":null,"vpcConnectorEgressSettings":null,"directVpcNetworkInterface":null,"directVpcEgress":null},"labels":{"deployment-tool":"cli-firebase","deployment-scheduled":"true","firebase-functions-hash":"938724c7a4468481da149ff1690fa38e4aa78b2a"}}
[debug] [2026-06-01T02:03:40.967Z] <<< [apiv2][status] POST https://cloudfunctions.googleapis.com/v2/projects/tecniapp-ice/locations/us-central1/functions 200
[debug] [2026-06-01T02:03:40.968Z] <<< [apiv2][body] POST https://cloudfunctions.googleapis.com/v2/projects/tecniapp-ice/locations/us-central1/functions {"name":"projects/tecniapp-ice/locations/us-central1/operations/operation-1780279420081-653279a6f53ec-2487ad14-d2cfe2f7","metadata":{"@type":"type.googleapis.com/google.cloud.functions.v2.OperationMetadata","createTime":"2026-06-01T02:03:40.622161163Z","target":"projects/tecniapp-ice/locations/us-central1/functions/syncAveriasYNotificar","verb":"create","cancelRequested":false,"apiVersion":"v2"},"done":false}
[debug] [2026-06-01T02:03:40.969Z] Checked if tokens are valid: true, expires at: 1780281501336
[debug] [2026-06-01T02:03:40.969Z] Checked if tokens are valid: true, expires at: 1780281501336
[debug] [2026-06-01T02:03:40.969Z] >>> [apiv2][query] GET https://cloudfunctions.googleapis.com/v2/projects/tecniapp-ice/locations/us-central1/operations/operation-1780279420081-653279a6f53ec-2487ad14-d2cfe2f7 [none]
[debug] [2026-06-01T02:03:41.215Z] <<< [apiv2][status] GET https://cloudfunctions.googleapis.com/v2/projects/tecniapp-ice/locations/us-central1/operations/operation-1780279420081-653279a6f53ec-2487ad14-d2cfe2f7 200
[debug] [2026-06-01T02:03:41.215Z] <<< [apiv2][body] GET https://cloudfunctions.googleapis.com/v2/projects/tecniapp-ice/locations/us-central1/operations/operation-1780279420081-653279a6f53ec-2487ad14-d2cfe2f7 {"name":"projects/tecniapp-ice/locations/us-central1/operations/operation-1780279420081-653279a6f53ec-2487ad14-d2cfe2f7","metadata":{"@type":"type.googleapis.com/google.cloud.functions.v2.OperationMetadata","createTime":"2026-06-01T02:03:40.622161163Z","target":"projects/tecniapp-ice/locations/us-central1/functions/syncAveriasYNotificar","verb":"create","cancelRequested":false,"apiVersion":"v2","requestResource":{"@type":"type.googleapis.com/google.cloud.functions.v2.Function","name":"projects/tecniapp-ice/locations/us-central1/functions/syncAveriasYNotificar","buildConfig":{"runtime":"nodejs22","entryPoint":"syncAveriasYNotificar","source":{"storageSource":{"bucket":"gcf-v2-sources-1097214229632-us-central1","object":"syncAveriasYNotificar/function-source.zip","generation":"1780279420349467"}},"environmentVariables":{"GOOGLE_NODE_RUN_SCRIPTS":""},"serviceAccount":"projects/tecniapp-ice/serviceAccounts/1097214229632-compute@developer.gserviceaccount.com","automaticUpdatePolicy":{}},"serviceConfig":{"service":"projects/tecniapp-ice/locations/us-central1/services/syncaveriasynotificar","timeoutSeconds":60,"environmentVariables":{"FIREBASE_CONFIG":"{\"projectId\":\"tecniapp-ice\",\"databaseURL\":\"https://tecniapp-ice-default-rtdb.firebaseio.com\",\"storageBucket\":\"tecniapp-ice.firebasestorage.app\"}","GCLOUD_PROJECT":"tecniapp-ice","EVENTARC_CLOUD_EVENT_SOURCE":"projects/tecniapp-ice/locations/us-central1/services/syncAveriasYNotificar","FUNCTION_TARGET":"syncAveriasYNotificar","LOG_EXECUTION_ID":"true"},"ingressSettings":"ALLOW_ALL","serviceAccountEmail":"1097214229632-compute@developer.gserviceaccount.com","availableMemory":"256Mi","maxInstanceRequestConcurrency":80,"availableCpu":"1"},"labels":{"deployment-tool":"cli-firebase","deployment-scheduled":"true","firebase-functions-hash":"938724c7a4468481da149ff1690fa38e4aa78b2a"},"environment":"GEN_2"},"stages":[{"name":"BUILD","state":"NOT_STARTED"},{"name":"SERVICE","state":"NOT_STARTED"}],"operationType":"CREATE_FUNCTION"},"done":false}
[debug] [2026-06-01T02:03:41.717Z] [create-default-us-central1-syncAveriasYNotificar] Retrying task index 0
[debug] [2026-06-01T02:03:41.717Z] Checked if tokens are valid: true, expires at: 1780281501336
[debug] [2026-06-01T02:03:41.717Z] Checked if tokens are valid: true, expires at: 1780281501336
[debug] [2026-06-01T02:03:41.717Z] >>> [apiv2][query] GET https://cloudfunctions.googleapis.com/v2/projects/tecniapp-ice/locations/us-central1/operations/operation-1780279420081-653279a6f53ec-2487ad14-d2cfe2f7 [none]
[debug] [2026-06-01T02:03:41.855Z] <<< [apiv2][status] GET https://cloudfunctions.googleapis.com/v2/projects/tecniapp-ice/locations/us-central1/operations/operation-1780279420081-653279a6f53ec-2487ad14-d2cfe2f7 200
[debug] [2026-06-01T02:03:41.856Z] <<< [apiv2][body] GET https://cloudfunctions.googleapis.com/v2/projects/tecniapp-ice/locations/us-central1/operations/operation-1780279420081-653279a6f53ec-2487ad14-d2cfe2f7 {"name":"projects/tecniapp-ice/locations/us-central1/operations/operation-1780279420081-653279a6f53ec-2487ad14-d2cfe2f7","metadata":{"@type":"type.googleapis.com/google.cloud.functions.v2.OperationMetadata","createTime":"2026-06-01T02:03:40.622161163Z","target":"projects/tecniapp-ice/locations/us-central1/functions/syncAveriasYNotificar","verb":"create","cancelRequested":false,"apiVersion":"v2","requestResource":{"@type":"type.googleapis.com/google.cloud.functions.v2.Function","name":"projects/tecniapp-ice/locations/us-central1/functions/syncAveriasYNotificar","buildConfig":{"runtime":"nodejs22","entryPoint":"syncAveriasYNotificar","source":{"storageSource":{"bucket":"gcf-v2-sources-1097214229632-us-central1","object":"syncAveriasYNotificar/function-source.zip","generation":"1780279420349467"}},"environmentVariables":{"GOOGLE_NODE_RUN_SCRIPTS":""},"serviceAccount":"projects/tecniapp-ice/serviceAccounts/1097214229632-compute@developer.gserviceaccount.com","automaticUpdatePolicy":{}},"serviceConfig":{"service":"projects/tecniapp-ice/locations/us-central1/services/syncaveriasynotificar","timeoutSeconds":60,"environmentVariables":{"FIREBASE_CONFIG":"{\"projectId\":\"tecniapp-ice\",\"databaseURL\":\"https://tecniapp-ice-default-rtdb.firebaseio.com\",\"storageBucket\":\"tecniapp-ice.firebasestorage.app\"}","GCLOUD_PROJECT":"tecniapp-ice","EVENTARC_CLOUD_EVENT_SOURCE":"projects/tecniapp-ice/locations/us-central1/services/syncAveriasYNotificar","FUNCTION_TARGET":"syncAveriasYNotificar","LOG_EXECUTION_ID":"true"},"ingressSettings":"ALLOW_ALL","serviceAccountEmail":"1097214229632-compute@developer.gserviceaccount.com","availableMemory":"256Mi","maxInstanceRequestConcurrency":80,"availableCpu":"1"},"labels":{"deployment-tool":"cli-firebase","deployment-scheduled":"true","firebase-functions-hash":"938724c7a4468481da149ff1690fa38e4aa78b2a"},"environment":"GEN_2"},"stages":[{"name":"BUILD","message":"Creating build","state":"IN_PROGRESS","resource":"projects/1097214229632/locations/us-central1/builds/7ebdc1ee-6159-460b-bfed-14c2e8aec771","resourceUri":"https://console.cloud.google.com/cloud-build/builds;region=us-central1/7ebdc1ee-6159-460b-bfed-14c2e8aec771?project=1097214229632"},{"name":"SERVICE","state":"NOT_STARTED"}],"operationType":"CREATE_FUNCTION","buildName":"projects/1097214229632/locations/us-central1/builds/7ebdc1ee-6159-460b-bfed-14c2e8aec771"},"done":false}
[debug] [2026-06-01T02:03:42.858Z] [create-default-us-central1-syncAveriasYNotificar] Retrying task index 0
[debug] [2026-06-01T02:03:42.859Z] Checked if tokens are valid: true, expires at: 1780281501336
[debug] [2026-06-01T02:03:42.859Z] Checked if tokens are valid: true, expires at: 1780281501336
[debug] [2026-06-01T02:03:42.859Z] >>> [apiv2][query] GET https://cloudfunctions.googleapis.com/v2/projects/tecniapp-ice/locations/us-central1/operations/operation-1780279420081-653279a6f53ec-2487ad14-d2cfe2f7 [none]
[debug] [2026-06-01T02:03:43.104Z] <<< [apiv2][status] GET https://cloudfunctions.googleapis.com/v2/projects/tecniapp-ice/locations/us-central1/operations/operation-1780279420081-653279a6f53ec-2487ad14-d2cfe2f7 200
[debug] [2026-06-01T02:03:43.104Z] <<< [apiv2][body] GET https://cloudfunctions.googleapis.com/v2/projects/tecniapp-ice/locations/us-central1/operations/operation-1780279420081-653279a6f53ec-2487ad14-d2cfe2f7 {"name":"projects/tecniapp-ice/locations/us-central1/operations/operation-1780279420081-653279a6f53ec-2487ad14-d2cfe2f7","metadata":{"@type":"type.googleapis.com/google.cloud.functions.v2.OperationMetadata","createTime":"2026-06-01T02:03:40.622161163Z","target":"projects/tecniapp-ice/locations/us-central1/functions/syncAveriasYNotificar","verb":"create","cancelRequested":false,"apiVersion":"v2","requestResource":{"@type":"type.googleapis.com/google.cloud.functions.v2.Function","name":"projects/tecniapp-ice/locations/us-central1/functions/syncAveriasYNotificar","buildConfig":{"runtime":"nodejs22","entryPoint":"syncAveriasYNotificar","source":{"storageSource":{"bucket":"gcf-v2-sources-1097214229632-us-central1","object":"syncAveriasYNotificar/function-source.zip","generation":"1780279420349467"}},"environmentVariables":{"GOOGLE_NODE_RUN_SCRIPTS":""},"serviceAccount":"projects/tecniapp-ice/serviceAccounts/1097214229632-compute@developer.gserviceaccount.com","automaticUpdatePolicy":{}},"serviceConfig":{"service":"projects/tecniapp-ice/locations/us-central1/services/syncaveriasynotificar","timeoutSeconds":60,"environmentVariables":{"FIREBASE_CONFIG":"{\"projectId\":\"tecniapp-ice\",\"databaseURL\":\"https://tecniapp-ice-default-rtdb.firebaseio.com\",\"storageBucket\":\"tecniapp-ice.firebasestorage.app\"}","GCLOUD_PROJECT":"tecniapp-ice","EVENTARC_CLOUD_EVENT_SOURCE":"projects/tecniapp-ice/locations/us-central1/services/syncAveriasYNotificar","FUNCTION_TARGET":"syncAveriasYNotificar","LOG_EXECUTION_ID":"true"},"ingressSettings":"ALLOW_ALL","serviceAccountEmail":"1097214229632-compute@developer.gserviceaccount.com","availableMemory":"256Mi","maxInstanceRequestConcurrency":80,"availableCpu":"1"},"labels":{"deployment-tool":"cli-firebase","deployment-scheduled":"true","firebase-functions-hash":"938724c7a4468481da149ff1690fa38e4aa78b2a"},"environment":"GEN_2"},"stages":[{"name":"BUILD","message":"Build in progress","state":"IN_PROGRESS","resource":"projects/1097214229632/locations/us-central1/builds/7ebdc1ee-6159-460b-bfed-14c2e8aec771","resourceUri":"https://console.cloud.google.com/cloud-build/builds;region=us-central1/7ebdc1ee-6159-460b-bfed-14c2e8aec771?project=1097214229632"},{"name":"SERVICE","state":"NOT_STARTED"}],"operationType":"CREATE_FUNCTION","buildName":"projects/1097214229632/locations/us-central1/builds/7ebdc1ee-6159-460b-bfed-14c2e8aec771"},"done":false}
[debug] [2026-06-01T02:03:45.108Z] [create-default-us-central1-syncAveriasYNotificar] Retrying task index 0
[debug] [2026-06-01T02:03:45.109Z] Checked if tokens are valid: true, expires at: 1780281501336
[debug] [2026-06-01T02:03:45.109Z] Checked if tokens are valid: true, expires at: 1780281501336
[debug] [2026-06-01T02:03:45.109Z] >>> [apiv2][query] GET https://cloudfunctions.googleapis.com/v2/projects/tecniapp-ice/locations/us-central1/operations/operation-1780279420081-653279a6f53ec-2487ad14-d2cfe2f7 [none]
[debug] [2026-06-01T02:03:45.364Z] <<< [apiv2][status] GET https://cloudfunctions.googleapis.com/v2/projects/tecniapp-ice/locations/us-central1/operations/operation-1780279420081-653279a6f53ec-2487ad14-d2cfe2f7 200
[debug] [2026-06-01T02:03:45.364Z] <<< [apiv2][body] GET https://cloudfunctions.googleapis.com/v2/projects/tecniapp-ice/locations/us-central1/operations/operation-1780279420081-653279a6f53ec-2487ad14-d2cfe2f7 {"name":"projects/tecniapp-ice/locations/us-central1/operations/operation-1780279420081-653279a6f53ec-2487ad14-d2cfe2f7","metadata":{"@type":"type.googleapis.com/google.cloud.functions.v2.OperationMetadata","createTime":"2026-06-01T02:03:40.622161163Z","target":"projects/tecniapp-ice/locations/us-central1/functions/syncAveriasYNotificar","verb":"create","cancelRequested":false,"apiVersion":"v2","requestResource":{"@type":"type.googleapis.com/google.cloud.functions.v2.Function","name":"projects/tecniapp-ice/locations/us-central1/functions/syncAveriasYNotificar","buildConfig":{"runtime":"nodejs22","entryPoint":"syncAveriasYNotificar","source":{"storageSource":{"bucket":"gcf-v2-sources-1097214229632-us-central1","object":"syncAveriasYNotificar/function-source.zip","generation":"1780279420349467"}},"environmentVariables":{"GOOGLE_NODE_RUN_SCRIPTS":""},"serviceAccount":"projects/tecniapp-ice/serviceAccounts/1097214229632-compute@developer.gserviceaccount.com","automaticUpdatePolicy":{}},"serviceConfig":{"service":"projects/tecniapp-ice/locations/us-central1/services/syncaveriasynotificar","timeoutSeconds":60,"environmentVariables":{"FIREBASE_CONFIG":"{\"projectId\":\"tecniapp-ice\",\"databaseURL\":\"https://tecniapp-ice-default-rtdb.firebaseio.com\",\"storageBucket\":\"tecniapp-ice.firebasestorage.app\"}","GCLOUD_PROJECT":"tecniapp-ice","EVENTARC_CLOUD_EVENT_SOURCE":"projects/tecniapp-ice/locations/us-central1/services/syncAveriasYNotificar","FUNCTION_TARGET":"syncAveriasYNotificar","LOG_EXECUTION_ID":"true"},"ingressSettings":"ALLOW_ALL","serviceAccountEmail":"1097214229632-compute@developer.gserviceaccount.com","availableMemory":"256Mi","maxInstanceRequestConcurrency":80,"availableCpu":"1"},"labels":{"deployment-tool":"cli-firebase","deployment-scheduled":"true","firebase-functions-hash":"938724c7a4468481da149ff1690fa38e4aa78b2a"},"environment":"GEN_2"},"stages":[{"name":"BUILD","message":"Build in progress","state":"IN_PROGRESS","resource":"projects/1097214229632/locations/us-central1/builds/7ebdc1ee-6159-460b-bfed-14c2e8aec771","resourceUri":"https://console.cloud.google.com/cloud-build/builds;region=us-central1/7ebdc1ee-6159-460b-bfed-14c2e8aec771?project=1097214229632"},{"name":"SERVICE","state":"NOT_STARTED"}],"operationType":"CREATE_FUNCTION","buildName":"projects/1097214229632/locations/us-central1/builds/7ebdc1ee-6159-460b-bfed-14c2e8aec771"},"done":false}
[debug] [2026-06-01T02:03:49.379Z] [create-default-us-central1-syncAveriasYNotificar] Retrying task index 0
[debug] [2026-06-01T02:03:49.380Z] Checked if tokens are valid: true, expires at: 1780281501336
[debug] [2026-06-01T02:03:49.380Z] Checked if tokens are valid: true, expires at: 1780281501336
[debug] [2026-06-01T02:03:49.380Z] >>> [apiv2][query] GET https://cloudfunctions.googleapis.com/v2/projects/tecniapp-ice/locations/us-central1/operations/operation-1780279420081-653279a6f53ec-2487ad14-d2cfe2f7 [none]
[debug] [2026-06-01T02:03:49.630Z] <<< [apiv2][status] GET https://cloudfunctions.googleapis.com/v2/projects/tecniapp-ice/locations/us-central1/operations/operation-1780279420081-653279a6f53ec-2487ad14-d2cfe2f7 200
[debug] [2026-06-01T02:03:49.630Z] <<< [apiv2][body] GET https://cloudfunctions.googleapis.com/v2/projects/tecniapp-ice/locations/us-central1/operations/operation-1780279420081-653279a6f53ec-2487ad14-d2cfe2f7 {"name":"projects/tecniapp-ice/locations/us-central1/operations/operation-1780279420081-653279a6f53ec-2487ad14-d2cfe2f7","metadata":{"@type":"type.googleapis.com/google.cloud.functions.v2.OperationMetadata","createTime":"2026-06-01T02:03:40.622161163Z","target":"projects/tecniapp-ice/locations/us-central1/functions/syncAveriasYNotificar","verb":"create","cancelRequested":false,"apiVersion":"v2","requestResource":{"@type":"type.googleapis.com/google.cloud.functions.v2.Function","name":"projects/tecniapp-ice/locations/us-central1/functions/syncAveriasYNotificar","buildConfig":{"runtime":"nodejs22","entryPoint":"syncAveriasYNotificar","source":{"storageSource":{"bucket":"gcf-v2-sources-1097214229632-us-central1","object":"syncAveriasYNotificar/function-source.zip","generation":"1780279420349467"}},"environmentVariables":{"GOOGLE_NODE_RUN_SCRIPTS":""},"serviceAccount":"projects/tecniapp-ice/serviceAccounts/1097214229632-compute@developer.gserviceaccount.com","automaticUpdatePolicy":{}},"serviceConfig":{"service":"projects/tecniapp-ice/locations/us-central1/services/syncaveriasynotificar","timeoutSeconds":60,"environmentVariables":{"FIREBASE_CONFIG":"{\"projectId\":\"tecniapp-ice\",\"databaseURL\":\"https://tecniapp-ice-default-rtdb.firebaseio.com\",\"storageBucket\":\"tecniapp-ice.firebasestorage.app\"}","GCLOUD_PROJECT":"tecniapp-ice","EVENTARC_CLOUD_EVENT_SOURCE":"projects/tecniapp-ice/locations/us-central1/services/syncAveriasYNotificar","FUNCTION_TARGET":"syncAveriasYNotificar","LOG_EXECUTION_ID":"true"},"ingressSettings":"ALLOW_ALL","serviceAccountEmail":"1097214229632-compute@developer.gserviceaccount.com","availableMemory":"256Mi","maxInstanceRequestConcurrency":80,"availableCpu":"1"},"labels":{"deployment-tool":"cli-firebase","deployment-scheduled":"true","firebase-functions-hash":"938724c7a4468481da149ff1690fa38e4aa78b2a"},"environment":"GEN_2"},"stages":[{"name":"BUILD","message":"Build in progress","state":"IN_PROGRESS","resource":"projects/1097214229632/locations/us-central1/builds/7ebdc1ee-6159-460b-bfed-14c2e8aec771","resourceUri":"https://console.cloud.google.com/cloud-build/builds;region=us-central1/7ebdc1ee-6159-460b-bfed-14c2e8aec771?project=1097214229632"},{"name":"SERVICE","state":"NOT_STARTED"}],"operationType":"CREATE_FUNCTION","buildName":"projects/1097214229632/locations/us-central1/builds/7ebdc1ee-6159-460b-bfed-14c2e8aec771"},"done":false}
[debug] [2026-06-01T02:03:57.638Z] [create-default-us-central1-syncAveriasYNotificar] Retrying task index 0
[debug] [2026-06-01T02:03:57.639Z] Checked if tokens are valid: true, expires at: 1780281501336
[debug] [2026-06-01T02:03:57.639Z] Checked if tokens are valid: true, expires at: 1780281501336
[debug] [2026-06-01T02:03:57.639Z] >>> [apiv2][query] GET https://cloudfunctions.googleapis.com/v2/projects/tecniapp-ice/locations/us-central1/operations/operation-1780279420081-653279a6f53ec-2487ad14-d2cfe2f7 [none]
[debug] [2026-06-01T02:03:57.996Z] <<< [apiv2][status] GET https://cloudfunctions.googleapis.com/v2/projects/tecniapp-ice/locations/us-central1/operations/operation-1780279420081-653279a6f53ec-2487ad14-d2cfe2f7 200
[debug] [2026-06-01T02:03:57.996Z] <<< [apiv2][body] GET https://cloudfunctions.googleapis.com/v2/projects/tecniapp-ice/locations/us-central1/operations/operation-1780279420081-653279a6f53ec-2487ad14-d2cfe2f7 {"name":"projects/tecniapp-ice/locations/us-central1/operations/operation-1780279420081-653279a6f53ec-2487ad14-d2cfe2f7","metadata":{"@type":"type.googleapis.com/google.cloud.functions.v2.OperationMetadata","createTime":"2026-06-01T02:03:40.622161163Z","target":"projects/tecniapp-ice/locations/us-central1/functions/syncAveriasYNotificar","verb":"create","cancelRequested":false,"apiVersion":"v2","requestResource":{"@type":"type.googleapis.com/google.cloud.functions.v2.Function","name":"projects/tecniapp-ice/locations/us-central1/functions/syncAveriasYNotificar","buildConfig":{"runtime":"nodejs22","entryPoint":"syncAveriasYNotificar","source":{"storageSource":{"bucket":"gcf-v2-sources-1097214229632-us-central1","object":"syncAveriasYNotificar/function-source.zip","generation":"1780279420349467"}},"environmentVariables":{"GOOGLE_NODE_RUN_SCRIPTS":""},"serviceAccount":"projects/tecniapp-ice/serviceAccounts/1097214229632-compute@developer.gserviceaccount.com","automaticUpdatePolicy":{}},"serviceConfig":{"service":"projects/tecniapp-ice/locations/us-central1/services/syncaveriasynotificar","timeoutSeconds":60,"environmentVariables":{"FIREBASE_CONFIG":"{\"projectId\":\"tecniapp-ice\",\"databaseURL\":\"https://tecniapp-ice-default-rtdb.firebaseio.com\",\"storageBucket\":\"tecniapp-ice.firebasestorage.app\"}","GCLOUD_PROJECT":"tecniapp-ice","EVENTARC_CLOUD_EVENT_SOURCE":"projects/tecniapp-ice/locations/us-central1/services/syncAveriasYNotificar","FUNCTION_TARGET":"syncAveriasYNotificar","LOG_EXECUTION_ID":"true"},"ingressSettings":"ALLOW_ALL","serviceAccountEmail":"1097214229632-compute@developer.gserviceaccount.com","availableMemory":"256Mi","maxInstanceRequestConcurrency":80,"availableCpu":"1"},"labels":{"deployment-tool":"cli-firebase","deployment-scheduled":"true","firebase-functions-hash":"938724c7a4468481da149ff1690fa38e4aa78b2a"},"environment":"GEN_2"},"stages":[{"name":"BUILD","message":"Build in progress","state":"IN_PROGRESS","resource":"projects/1097214229632/locations/us-central1/builds/7ebdc1ee-6159-460b-bfed-14c2e8aec771","resourceUri":"https://console.cloud.google.com/cloud-build/builds;region=us-central1/7ebdc1ee-6159-460b-bfed-14c2e8aec771?project=1097214229632"},{"name":"SERVICE","state":"NOT_STARTED"}],"operationType":"CREATE_FUNCTION","buildName":"projects/1097214229632/locations/us-central1/builds/7ebdc1ee-6159-460b-bfed-14c2e8aec771"},"done":false}
[debug] [2026-06-01T02:04:08.008Z] [create-default-us-central1-syncAveriasYNotificar] Retrying task index 0
[debug] [2026-06-01T02:04:08.008Z] Checked if tokens are valid: true, expires at: 1780281501336
[debug] [2026-06-01T02:04:08.008Z] Checked if tokens are valid: true, expires at: 1780281501336
[debug] [2026-06-01T02:04:08.008Z] >>> [apiv2][query] GET https://cloudfunctions.googleapis.com/v2/projects/tecniapp-ice/locations/us-central1/operations/operation-1780279420081-653279a6f53ec-2487ad14-d2cfe2f7 [none]
[debug] [2026-06-01T02:04:08.387Z] <<< [apiv2][status] GET https://cloudfunctions.googleapis.com/v2/projects/tecniapp-ice/locations/us-central1/operations/operation-1780279420081-653279a6f53ec-2487ad14-d2cfe2f7 200
[debug] [2026-06-01T02:04:08.387Z] <<< [apiv2][body] GET https://cloudfunctions.googleapis.com/v2/projects/tecniapp-ice/locations/us-central1/operations/operation-1780279420081-653279a6f53ec-2487ad14-d2cfe2f7 {"name":"projects/tecniapp-ice/locations/us-central1/operations/operation-1780279420081-653279a6f53ec-2487ad14-d2cfe2f7","metadata":{"@type":"type.googleapis.com/google.cloud.functions.v2.OperationMetadata","createTime":"2026-06-01T02:03:40.622161163Z","target":"projects/tecniapp-ice/locations/us-central1/functions/syncAveriasYNotificar","verb":"create","cancelRequested":false,"apiVersion":"v2","requestResource":{"@type":"type.googleapis.com/google.cloud.functions.v2.Function","name":"projects/tecniapp-ice/locations/us-central1/functions/syncAveriasYNotificar","buildConfig":{"runtime":"nodejs22","entryPoint":"syncAveriasYNotificar","source":{"storageSource":{"bucket":"gcf-v2-sources-1097214229632-us-central1","object":"syncAveriasYNotificar/function-source.zip","generation":"1780279420349467"}},"environmentVariables":{"GOOGLE_NODE_RUN_SCRIPTS":""},"serviceAccount":"projects/tecniapp-ice/serviceAccounts/1097214229632-compute@developer.gserviceaccount.com","automaticUpdatePolicy":{}},"serviceConfig":{"service":"projects/tecniapp-ice/locations/us-central1/services/syncaveriasynotificar","timeoutSeconds":60,"environmentVariables":{"FIREBASE_CONFIG":"{\"projectId\":\"tecniapp-ice\",\"databaseURL\":\"https://tecniapp-ice-default-rtdb.firebaseio.com\",\"storageBucket\":\"tecniapp-ice.firebasestorage.app\"}","GCLOUD_PROJECT":"tecniapp-ice","EVENTARC_CLOUD_EVENT_SOURCE":"projects/tecniapp-ice/locations/us-central1/services/syncAveriasYNotificar","FUNCTION_TARGET":"syncAveriasYNotificar","LOG_EXECUTION_ID":"true"},"ingressSettings":"ALLOW_ALL","serviceAccountEmail":"1097214229632-compute@developer.gserviceaccount.com","availableMemory":"256Mi","maxInstanceRequestConcurrency":80,"availableCpu":"1"},"labels":{"deployment-tool":"cli-firebase","deployment-scheduled":"true","firebase-functions-hash":"938724c7a4468481da149ff1690fa38e4aa78b2a"},"environment":"GEN_2"},"stages":[{"name":"BUILD","message":"Build in progress","state":"IN_PROGRESS","resource":"projects/1097214229632/locations/us-central1/builds/7ebdc1ee-6159-460b-bfed-14c2e8aec771","resourceUri":"https://console.cloud.google.com/cloud-build/builds;region=us-central1/7ebdc1ee-6159-460b-bfed-14c2e8aec771?project=1097214229632"},{"name":"SERVICE","state":"NOT_STARTED"}],"operationType":"CREATE_FUNCTION","buildName":"projects/1097214229632/locations/us-central1/builds/7ebdc1ee-6159-460b-bfed-14c2e8aec771"},"done":false}
[debug] [2026-06-01T02:04:18.390Z] [create-default-us-central1-syncAveriasYNotificar] Retrying task index 0
[debug] [2026-06-01T02:04:18.390Z] Checked if tokens are valid: true, expires at: 1780281501336
[debug] [2026-06-01T02:04:18.390Z] Checked if tokens are valid: true, expires at: 1780281501336
[debug] [2026-06-01T02:04:18.390Z] >>> [apiv2][query] GET https://cloudfunctions.googleapis.com/v2/projects/tecniapp-ice/locations/us-central1/operations/operation-1780279420081-653279a6f53ec-2487ad14-d2cfe2f7 [none]
[debug] [2026-06-01T02:04:18.627Z] <<< [apiv2][status] GET https://cloudfunctions.googleapis.com/v2/projects/tecniapp-ice/locations/us-central1/operations/operation-1780279420081-653279a6f53ec-2487ad14-d2cfe2f7 200
[debug] [2026-06-01T02:04:18.627Z] <<< [apiv2][body] GET https://cloudfunctions.googleapis.com/v2/projects/tecniapp-ice/locations/us-central1/operations/operation-1780279420081-653279a6f53ec-2487ad14-d2cfe2f7 {"name":"projects/tecniapp-ice/locations/us-central1/operations/operation-1780279420081-653279a6f53ec-2487ad14-d2cfe2f7","metadata":{"@type":"type.googleapis.com/google.cloud.functions.v2.OperationMetadata","createTime":"2026-06-01T02:03:40.622161163Z","target":"projects/tecniapp-ice/locations/us-central1/functions/syncAveriasYNotificar","verb":"create","cancelRequested":false,"apiVersion":"v2","requestResource":{"@type":"type.googleapis.com/google.cloud.functions.v2.Function","name":"projects/tecniapp-ice/locations/us-central1/functions/syncAveriasYNotificar","buildConfig":{"runtime":"nodejs22","entryPoint":"syncAveriasYNotificar","source":{"storageSource":{"bucket":"gcf-v2-sources-1097214229632-us-central1","object":"syncAveriasYNotificar/function-source.zip","generation":"1780279420349467"}},"environmentVariables":{"GOOGLE_NODE_RUN_SCRIPTS":""},"serviceAccount":"projects/tecniapp-ice/serviceAccounts/1097214229632-compute@developer.gserviceaccount.com","automaticUpdatePolicy":{}},"serviceConfig":{"service":"projects/tecniapp-ice/locations/us-central1/services/syncaveriasynotificar","timeoutSeconds":60,"environmentVariables":{"FIREBASE_CONFIG":"{\"projectId\":\"tecniapp-ice\",\"databaseURL\":\"https://tecniapp-ice-default-rtdb.firebaseio.com\",\"storageBucket\":\"tecniapp-ice.firebasestorage.app\"}","GCLOUD_PROJECT":"tecniapp-ice","EVENTARC_CLOUD_EVENT_SOURCE":"projects/tecniapp-ice/locations/us-central1/services/syncAveriasYNotificar","FUNCTION_TARGET":"syncAveriasYNotificar","LOG_EXECUTION_ID":"true"},"ingressSettings":"ALLOW_ALL","serviceAccountEmail":"1097214229632-compute@developer.gserviceaccount.com","availableMemory":"256Mi","maxInstanceRequestConcurrency":80,"availableCpu":"1"},"labels":{"deployment-tool":"cli-firebase","deployment-scheduled":"true","firebase-functions-hash":"938724c7a4468481da149ff1690fa38e4aa78b2a"},"environment":"GEN_2"},"stages":[{"name":"BUILD","message":"Build in progress","state":"IN_PROGRESS","resource":"projects/1097214229632/locations/us-central1/builds/7ebdc1ee-6159-460b-bfed-14c2e8aec771","resourceUri":"https://console.cloud.google.com/cloud-build/builds;region=us-central1/7ebdc1ee-6159-460b-bfed-14c2e8aec771?project=1097214229632"},{"name":"SERVICE","state":"NOT_STARTED"}],"operationType":"CREATE_FUNCTION","buildName":"projects/1097214229632/locations/us-central1/builds/7ebdc1ee-6159-460b-bfed-14c2e8aec771"},"done":false}
[debug] [2026-06-01T02:04:28.636Z] [create-default-us-central1-syncAveriasYNotificar] Retrying task index 0
[debug] [2026-06-01T02:04:28.636Z] Checked if tokens are valid: true, expires at: 1780281501336
[debug] [2026-06-01T02:04:28.636Z] Checked if tokens are valid: true, expires at: 1780281501336
[debug] [2026-06-01T02:04:28.637Z] >>> [apiv2][query] GET https://cloudfunctions.googleapis.com/v2/projects/tecniapp-ice/locations/us-central1/operations/operation-1780279420081-653279a6f53ec-2487ad14-d2cfe2f7 [none]
[debug] [2026-06-01T02:04:29.005Z] <<< [apiv2][status] GET https://cloudfunctions.googleapis.com/v2/projects/tecniapp-ice/locations/us-central1/operations/operation-1780279420081-653279a6f53ec-2487ad14-d2cfe2f7 200
[debug] [2026-06-01T02:04:29.006Z] <<< [apiv2][body] GET https://cloudfunctions.googleapis.com/v2/projects/tecniapp-ice/locations/us-central1/operations/operation-1780279420081-653279a6f53ec-2487ad14-d2cfe2f7 {"name":"projects/tecniapp-ice/locations/us-central1/operations/operation-1780279420081-653279a6f53ec-2487ad14-d2cfe2f7","metadata":{"@type":"type.googleapis.com/google.cloud.functions.v2.OperationMetadata","createTime":"2026-06-01T02:03:40.622161163Z","target":"projects/tecniapp-ice/locations/us-central1/functions/syncAveriasYNotificar","verb":"create","cancelRequested":false,"apiVersion":"v2","requestResource":{"@type":"type.googleapis.com/google.cloud.functions.v2.Function","name":"projects/tecniapp-ice/locations/us-central1/functions/syncAveriasYNotificar","buildConfig":{"runtime":"nodejs22","entryPoint":"syncAveriasYNotificar","source":{"storageSource":{"bucket":"gcf-v2-sources-1097214229632-us-central1","object":"syncAveriasYNotificar/function-source.zip","generation":"1780279420349467"}},"environmentVariables":{"GOOGLE_NODE_RUN_SCRIPTS":""},"serviceAccount":"projects/tecniapp-ice/serviceAccounts/1097214229632-compute@developer.gserviceaccount.com","automaticUpdatePolicy":{}},"serviceConfig":{"service":"projects/tecniapp-ice/locations/us-central1/services/syncaveriasynotificar","timeoutSeconds":60,"environmentVariables":{"FIREBASE_CONFIG":"{\"projectId\":\"tecniapp-ice\",\"databaseURL\":\"https://tecniapp-ice-default-rtdb.firebaseio.com\",\"storageBucket\":\"tecniapp-ice.firebasestorage.app\"}","GCLOUD_PROJECT":"tecniapp-ice","EVENTARC_CLOUD_EVENT_SOURCE":"projects/tecniapp-ice/locations/us-central1/services/syncAveriasYNotificar","FUNCTION_TARGET":"syncAveriasYNotificar","LOG_EXECUTION_ID":"true"},"ingressSettings":"ALLOW_ALL","serviceAccountEmail":"1097214229632-compute@developer.gserviceaccount.com","availableMemory":"256Mi","maxInstanceRequestConcurrency":80,"availableCpu":"1"},"labels":{"deployment-tool":"cli-firebase","deployment-scheduled":"true","firebase-functions-hash":"938724c7a4468481da149ff1690fa38e4aa78b2a"},"environment":"GEN_2"},"stages":[{"name":"BUILD","message":"Build finished","state":"COMPLETE","resource":"projects/1097214229632/locations/us-central1/builds/7ebdc1ee-6159-460b-bfed-14c2e8aec771","resourceUri":"https://console.cloud.google.com/cloud-build/builds;region=us-central1/7ebdc1ee-6159-460b-bfed-14c2e8aec771?project=1097214229632"},{"name":"SERVICE","message":"Creating Cloud Run service","state":"IN_PROGRESS","resource":"projects/tecniapp-ice/locations/us-central1/services/syncaveriasynotificar","resourceUri":"https://console.cloud.google.com/run/detail/us-central1/syncaveriasynotificar?project=tecniapp-ice"}],"sourceToken":"Clhwcm9qZWN0cy8xMDk3MjE0MjI5NjMyL2xvY2F0aW9ucy91cy1jZW50cmFsMS9idWlsZHMvN2ViZGMxZWUtNjE1OS00NjBiLWJmZWQtMTRjMmU4YWVjNzcxEnV1cy1jZW50cmFsMS1kb2NrZXIucGtnLmRldi90ZWNuaWFwcC1pY2UvZ2NmLWFydGlmYWN0cy90ZWNuaWFwcC0taWNlX191cy0tY2VudHJhbDFfX3N5bmNfYXZlcmlhc195X25vdGlmaWNhcjp2ZXJzaW9uXzEYgPnBuPcfIktwcm9qZWN0cy90ZWNuaWFwcC1pY2UvbG9jYXRpb25zL3VzLWNlbnRyYWwxL2Z1bmN0aW9ucy9zeW5jQXZlcmlhc1lOb3RpZmljYXIqCwir0fPQBhCowuVAMghub2RlanMyMjp2CiNnY3IuaW8vZ2FlLXJ1bnRpbWVzL25vZGVqczIyOnN0YWJsZRJPdXMtY2VudHJhbDEtZG9ja2VyLnBrZy5kZXYvc2VydmVybGVzcy1ydW50aW1lcy9nb29nbGUtMjItZnVsbC9ydW50aW1lcy9ub2RlanMyMkAB","operationType":"CREATE_FUNCTION","buildName":"projects/1097214229632/locations/us-central1/builds/7ebdc1ee-6159-460b-bfed-14c2e8aec771"},"done":false}
[debug] [2026-06-01T02:04:29.006Z] Got source token Clhwcm9qZWN0cy8xMDk3MjE0MjI5NjMyL2xvY2F0aW9ucy91cy1jZW50cmFsMS9idWlsZHMvN2ViZGMxZWUtNjE1OS00NjBiLWJmZWQtMTRjMmU4YWVjNzcxEnV1cy1jZW50cmFsMS1kb2NrZXIucGtnLmRldi90ZWNuaWFwcC1pY2UvZ2NmLWFydGlmYWN0cy90ZWNuaWFwcC0taWNlX191cy0tY2VudHJhbDFfX3N5bmNfYXZlcmlhc195X25vdGlmaWNhcjp2ZXJzaW9uXzEYgPnBuPcfIktwcm9qZWN0cy90ZWNuaWFwcC1pY2UvbG9jYXRpb25zL3VzLWNlbnRyYWwxL2Z1bmN0aW9ucy9zeW5jQXZlcmlhc1lOb3RpZmljYXIqCwir0fPQBhCowuVAMghub2RlanMyMjp2CiNnY3IuaW8vZ2FlLXJ1bnRpbWVzL25vZGVqczIyOnN0YWJsZRJPdXMtY2VudHJhbDEtZG9ja2VyLnBrZy5kZXYvc2VydmVybGVzcy1ydW50aW1lcy9nb29nbGUtMjItZnVsbC9ydW50aW1lcy9ub2RlanMyMkAB for region us-central1
[debug] [2026-06-01T02:04:29.006Z] Checked if tokens are valid: true, expires at: 1780281501336
[debug] [2026-06-01T02:04:29.006Z] Checked if tokens are valid: true, expires at: 1780281501336
[debug] [2026-06-01T02:04:29.006Z] Checked if tokens are valid: true, expires at: 1780281501336
[debug] [2026-06-01T02:04:29.006Z] Checked if tokens are valid: true, expires at: 1780281501336
[debug] [2026-06-01T02:04:29.006Z] Checked if tokens are valid: true, expires at: 1780281501336
[debug] [2026-06-01T02:04:29.006Z] Checked if tokens are valid: true, expires at: 1780281501336
[debug] [2026-06-01T02:04:29.007Z] >>> [apiv2][query] POST https://cloudfunctions.googleapis.com/v2/projects/tecniapp-ice/locations/us-central1/functions functionId=sendVerificationCode
[debug] [2026-06-01T02:04:29.007Z] >>> [apiv2][body] POST https://cloudfunctions.googleapis.com/v2/projects/tecniapp-ice/locations/us-central1/functions {"name":"projects/tecniapp-ice/locations/us-central1/functions/sendVerificationCode","buildConfig":{"runtime":"nodejs22","entryPoint":"sendVerificationCode","source":{"storageSource":{"bucket":"gcf-v2-uploads-1097214229632.us-central1.cloudfunctions.appspot.com","object":"3cf33421-deae-4990-8d49-9e0fa337ba89.zip"}},"environmentVariables":{"GOOGLE_NODE_RUN_SCRIPTS":""},"sourceToken":"Clhwcm9qZWN0cy8xMDk3MjE0MjI5NjMyL2xvY2F0aW9ucy91cy1jZW50cmFsMS9idWlsZHMvN2ViZGMxZWUtNjE1OS00NjBiLWJmZWQtMTRjMmU4YWVjNzcxEnV1cy1jZW50cmFsMS1kb2NrZXIucGtnLmRldi90ZWNuaWFwcC1pY2UvZ2NmLWFydGlmYWN0cy90ZWNuaWFwcC0taWNlX191cy0tY2VudHJhbDFfX3N5bmNfYXZlcmlhc195X25vdGlmaWNhcjp2ZXJzaW9uXzEYgPnBuPcfIktwcm9qZWN0cy90ZWNuaWFwcC1pY2UvbG9jYXRpb25zL3VzLWNlbnRyYWwxL2Z1bmN0aW9ucy9zeW5jQXZlcmlhc1lOb3RpZmljYXIqCwir0fPQBhCowuVAMghub2RlanMyMjp2CiNnY3IuaW8vZ2FlLXJ1bnRpbWVzL25vZGVqczIyOnN0YWJsZRJPdXMtY2VudHJhbDEtZG9ja2VyLnBrZy5kZXYvc2VydmVybGVzcy1ydW50aW1lcy9nb29nbGUtMjItZnVsbC9ydW50aW1lcy9ub2RlanMyMkAB"},"serviceConfig":{"environmentVariables":{"FIREBASE_CONFIG":"{\"projectId\":\"tecniapp-ice\",\"databaseURL\":\"https://tecniapp-ice-default-rtdb.firebaseio.com\",\"storageBucket\":\"tecniapp-ice.firebasestorage.app\"}","GCLOUD_PROJECT":"tecniapp-ice","EVENTARC_CLOUD_EVENT_SOURCE":"projects/tecniapp-ice/locations/us-central1/services/sendVerificationCode","FUNCTION_TARGET":"sendVerificationCode","LOG_EXECUTION_ID":"true"},"secretEnvironmentVariables":[{"key":"MAIL_USER","secret":"MAIL_USER","projectId":"tecniapp-ice","version":"3"},{"key":"MAIL_PASS","secret":"MAIL_PASS","projectId":"tecniapp-ice","version":"2"}],"ingressSettings":null,"timeoutSeconds":null,"serviceAccountEmail":null,"availableMemory":"256Mi","minInstanceCount":null,"maxInstanceCount":null,"maxInstanceRequestConcurrency":80,"availableCpu":"1","vpcConnector":null,"vpcConnectorEgressSettings":null,"directVpcNetworkInterface":null,"directVpcEgress":null},"labels":{"deployment-tool":"cli-firebase","deployment-callable":"true","firebase-functions-hash":"4d9743265dd83aa7b899901a0fc17df8d2fbf98b"}}
[debug] [2026-06-01T02:04:29.007Z] >>> [apiv2][query] POST https://cloudfunctions.googleapis.com/v2/projects/tecniapp-ice/locations/us-central1/functions functionId=sendReport
[debug] [2026-06-01T02:04:29.007Z] >>> [apiv2][body] POST https://cloudfunctions.googleapis.com/v2/projects/tecniapp-ice/locations/us-central1/functions {"name":"projects/tecniapp-ice/locations/us-central1/functions/sendReport","buildConfig":{"runtime":"nodejs22","entryPoint":"sendReport","source":{"storageSource":{"bucket":"gcf-v2-uploads-1097214229632.us-central1.cloudfunctions.appspot.com","object":"3cf33421-deae-4990-8d49-9e0fa337ba89.zip"}},"environmentVariables":{"GOOGLE_NODE_RUN_SCRIPTS":""},"sourceToken":"Clhwcm9qZWN0cy8xMDk3MjE0MjI5NjMyL2xvY2F0aW9ucy91cy1jZW50cmFsMS9idWlsZHMvN2ViZGMxZWUtNjE1OS00NjBiLWJmZWQtMTRjMmU4YWVjNzcxEnV1cy1jZW50cmFsMS1kb2NrZXIucGtnLmRldi90ZWNuaWFwcC1pY2UvZ2NmLWFydGlmYWN0cy90ZWNuaWFwcC0taWNlX191cy0tY2VudHJhbDFfX3N5bmNfYXZlcmlhc195X25vdGlmaWNhcjp2ZXJzaW9uXzEYgPnBuPcfIktwcm9qZWN0cy90ZWNuaWFwcC1pY2UvbG9jYXRpb25zL3VzLWNlbnRyYWwxL2Z1bmN0aW9ucy9zeW5jQXZlcmlhc1lOb3RpZmljYXIqCwir0fPQBhCowuVAMghub2RlanMyMjp2CiNnY3IuaW8vZ2FlLXJ1bnRpbWVzL25vZGVqczIyOnN0YWJsZRJPdXMtY2VudHJhbDEtZG9ja2VyLnBrZy5kZXYvc2VydmVybGVzcy1ydW50aW1lcy9nb29nbGUtMjItZnVsbC9ydW50aW1lcy9ub2RlanMyMkAB"},"serviceConfig":{"environmentVariables":{"FIREBASE_CONFIG":"{\"projectId\":\"tecniapp-ice\",\"databaseURL\":\"https://tecniapp-ice-default-rtdb.firebaseio.com\",\"storageBucket\":\"tecniapp-ice.firebasestorage.app\"}","GCLOUD_PROJECT":"tecniapp-ice","EVENTARC_CLOUD_EVENT_SOURCE":"projects/tecniapp-ice/locations/us-central1/services/sendReport","FUNCTION_TARGET":"sendReport","LOG_EXECUTION_ID":"true"},"secretEnvironmentVariables":[{"key":"MAIL_USER","secret":"MAIL_USER","projectId":"tecniapp-ice","version":"3"},{"key":"MAIL_PASS","secret":"MAIL_PASS","projectId":"tecniapp-ice","version":"2"}],"ingressSettings":null,"timeoutSeconds":null,"serviceAccountEmail":null,"availableMemory":"256Mi","minInstanceCount":null,"maxInstanceCount":null,"maxInstanceRequestConcurrency":80,"availableCpu":"1","vpcConnector":null,"vpcConnectorEgressSettings":null,"directVpcNetworkInterface":null,"directVpcEgress":null},"labels":{"deployment-tool":"cli-firebase","deployment-callable":"true","firebase-functions-hash":"4d9743265dd83aa7b899901a0fc17df8d2fbf98b"}}
[debug] [2026-06-01T02:04:29.009Z] >>> [apiv2][query] POST https://cloudfunctions.googleapis.com/v2/projects/tecniapp-ice/locations/us-central1/functions functionId=notifyProgramacionAssigned
[debug] [2026-06-01T02:04:29.009Z] >>> [apiv2][body] POST https://cloudfunctions.googleapis.com/v2/projects/tecniapp-ice/locations/us-central1/functions {"name":"projects/tecniapp-ice/locations/us-central1/functions/notifyProgramacionAssigned","buildConfig":{"runtime":"nodejs22","entryPoint":"notifyProgramacionAssigned","source":{"storageSource":{"bucket":"gcf-v2-uploads-1097214229632.us-central1.cloudfunctions.appspot.com","object":"3cf33421-deae-4990-8d49-9e0fa337ba89.zip"}},"environmentVariables":{"GOOGLE_NODE_RUN_SCRIPTS":""},"sourceToken":"Clhwcm9qZWN0cy8xMDk3MjE0MjI5NjMyL2xvY2F0aW9ucy91cy1jZW50cmFsMS9idWlsZHMvN2ViZGMxZWUtNjE1OS00NjBiLWJmZWQtMTRjMmU4YWVjNzcxEnV1cy1jZW50cmFsMS1kb2NrZXIucGtnLmRldi90ZWNuaWFwcC1pY2UvZ2NmLWFydGlmYWN0cy90ZWNuaWFwcC0taWNlX191cy0tY2VudHJhbDFfX3N5bmNfYXZlcmlhc195X25vdGlmaWNhcjp2ZXJzaW9uXzEYgPnBuPcfIktwcm9qZWN0cy90ZWNuaWFwcC1pY2UvbG9jYXRpb25zL3VzLWNlbnRyYWwxL2Z1bmN0aW9ucy9zeW5jQXZlcmlhc1lOb3RpZmljYXIqCwir0fPQBhCowuVAMghub2RlanMyMjp2CiNnY3IuaW8vZ2FlLXJ1bnRpbWVzL25vZGVqczIyOnN0YWJsZRJPdXMtY2VudHJhbDEtZG9ja2VyLnBrZy5kZXYvc2VydmVybGVzcy1ydW50aW1lcy9nb29nbGUtMjItZnVsbC9ydW50aW1lcy9ub2RlanMyMkAB"},"serviceConfig":{"environmentVariables":{"FIREBASE_CONFIG":"{\"projectId\":\"tecniapp-ice\",\"databaseURL\":\"https://tecniapp-ice-default-rtdb.firebaseio.com\",\"storageBucket\":\"tecniapp-ice.firebasestorage.app\"}","GCLOUD_PROJECT":"tecniapp-ice","EVENTARC_CLOUD_EVENT_SOURCE":"projects/tecniapp-ice/locations/us-central1/services/notifyProgramacionAssigned","FUNCTION_SIGNATURE_TYPE":"cloudevent","FUNCTION_TARGET":"notifyProgramacionAssigned","LOG_EXECUTION_ID":"true"},"ingressSettings":null,"timeoutSeconds":null,"serviceAccountEmail":null,"availableMemory":"256Mi","minInstanceCount":null,"maxInstanceCount":null,"maxInstanceRequestConcurrency":80,"availableCpu":"1","vpcConnector":null,"vpcConnectorEgressSettings":null,"directVpcNetworkInterface":null,"directVpcEgress":null},"labels":{"deployment-tool":"cli-firebase","firebase-functions-hash":"938724c7a4468481da149ff1690fa38e4aa78b2a"},"eventTrigger":{"eventType":"google.firebase.database.ref.v1.created","retryPolicy":"RETRY_POLICY_DO_NOT_RETRY","eventFilters":[{"attribute":"instance","value":"tecniapp-ice-programacion"},{"attribute":"ref","value":"programaciones/{subregion}/{vehiculoId}/{programacionId}","operator":"match-path-pattern"}],"triggerRegion":"us-central1"}}
[debug] [2026-06-01T02:04:29.656Z] <<< [apiv2][status] POST https://cloudfunctions.googleapis.com/v2/projects/tecniapp-ice/locations/us-central1/functions 200
[debug] [2026-06-01T02:04:29.657Z] <<< [apiv2][body] POST https://cloudfunctions.googleapis.com/v2/projects/tecniapp-ice/locations/us-central1/functions {"name":"projects/tecniapp-ice/locations/us-central1/operations/operation-1780279468834-653279d573e5c-1f492f9d-33ac74ee","metadata":{"@type":"type.googleapis.com/google.cloud.functions.v2.OperationMetadata","createTime":"2026-06-01T02:04:29.312835816Z","target":"projects/tecniapp-ice/locations/us-central1/functions/sendVerificationCode","verb":"create","cancelRequested":false,"apiVersion":"v2"},"done":false}
[debug] [2026-06-01T02:04:29.657Z] Checked if tokens are valid: true, expires at: 1780281501336
[debug] [2026-06-01T02:04:29.657Z] Checked if tokens are valid: true, expires at: 1780281501336
[debug] [2026-06-01T02:04:29.657Z] >>> [apiv2][query] GET https://cloudfunctions.googleapis.com/v2/projects/tecniapp-ice/locations/us-central1/operations/operation-1780279468834-653279d573e5c-1f492f9d-33ac74ee [none]
[debug] [2026-06-01T02:04:29.811Z] <<< [apiv2][status] POST https://cloudfunctions.googleapis.com/v2/projects/tecniapp-ice/locations/us-central1/functions 200
[debug] [2026-06-01T02:04:29.811Z] <<< [apiv2][body] POST https://cloudfunctions.googleapis.com/v2/projects/tecniapp-ice/locations/us-central1/functions {"name":"projects/tecniapp-ice/locations/us-central1/operations/operation-1780279469013-653279d59f929-432403d8-91ffc2e9","metadata":{"@type":"type.googleapis.com/google.cloud.functions.v2.OperationMetadata","createTime":"2026-06-01T02:04:29.479599258Z","target":"projects/tecniapp-ice/locations/us-central1/functions/sendReport","verb":"create","cancelRequested":false,"apiVersion":"v2"},"done":false}
[debug] [2026-06-01T02:04:29.812Z] Checked if tokens are valid: true, expires at: 1780281501336
[debug] [2026-06-01T02:04:29.812Z] Checked if tokens are valid: true, expires at: 1780281501336
[debug] [2026-06-01T02:04:29.812Z] >>> [apiv2][query] GET https://cloudfunctions.googleapis.com/v2/projects/tecniapp-ice/locations/us-central1/operations/operation-1780279469013-653279d59f929-432403d8-91ffc2e9 [none]
[debug] [2026-06-01T02:04:29.882Z] <<< [apiv2][status] GET https://cloudfunctions.googleapis.com/v2/projects/tecniapp-ice/locations/us-central1/operations/operation-1780279468834-653279d573e5c-1f492f9d-33ac74ee 200
[debug] [2026-06-01T02:04:29.883Z] <<< [apiv2][body] GET https://cloudfunctions.googleapis.com/v2/projects/tecniapp-ice/locations/us-central1/operations/operation-1780279468834-653279d573e5c-1f492f9d-33ac74ee {"name":"projects/tecniapp-ice/locations/us-central1/operations/operation-1780279468834-653279d573e5c-1f492f9d-33ac74ee","metadata":{"@type":"type.googleapis.com/google.cloud.functions.v2.OperationMetadata","createTime":"2026-06-01T02:04:29.312835816Z","target":"projects/tecniapp-ice/locations/us-central1/functions/sendVerificationCode","verb":"create","cancelRequested":false,"apiVersion":"v2","requestResource":{"@type":"type.googleapis.com/google.cloud.functions.v2.Function","name":"projects/tecniapp-ice/locations/us-central1/functions/sendVerificationCode","buildConfig":{"runtime":"nodejs22","entryPoint":"sendVerificationCode","source":{"storageSource":{"bucket":"gcf-v2-sources-1097214229632-us-central1","object":"sendVerificationCode/function-source.zip","generation":"1780279469078296"}},"environmentVariables":{"GOOGLE_NODE_RUN_SCRIPTS":""},"sourceToken":"Clhwcm9qZWN0cy8xMDk3MjE0MjI5NjMyL2xvY2F0aW9ucy91cy1jZW50cmFsMS9idWlsZHMvN2ViZGMxZWUtNjE1OS00NjBiLWJmZWQtMTRjMmU4YWVjNzcxEnV1cy1jZW50cmFsMS1kb2NrZXIucGtnLmRldi90ZWNuaWFwcC1pY2UvZ2NmLWFydGlmYWN0cy90ZWNuaWFwcC0taWNlX191cy0tY2VudHJhbDFfX3N5bmNfYXZlcmlhc195X25vdGlmaWNhcjp2ZXJzaW9uXzEYgPnBuPcfIktwcm9qZWN0cy90ZWNuaWFwcC1pY2UvbG9jYXRpb25zL3VzLWNlbnRyYWwxL2Z1bmN0aW9ucy9zeW5jQXZlcmlhc1lOb3RpZmljYXIqCwir0fPQBhCowuVAMghub2RlanMyMjp2CiNnY3IuaW8vZ2FlLXJ1bnRpbWVzL25vZGVqczIyOnN0YWJsZRJPdXMtY2VudHJhbDEtZG9ja2VyLnBrZy5kZXYvc2VydmVybGVzcy1ydW50aW1lcy9nb29nbGUtMjItZnVsbC9ydW50aW1lcy9ub2RlanMyMkAB","serviceAccount":"projects/tecniapp-ice/serviceAccounts/1097214229632-compute@developer.gserviceaccount.com","automaticUpdatePolicy":{}},"serviceConfig":{"service":"projects/tecniapp-ice/locations/us-central1/services/sendverificationcode","timeoutSeconds":60,"environmentVariables":{"FIREBASE_CONFIG":"{\"projectId\":\"tecniapp-ice\",\"databaseURL\":\"https://tecniapp-ice-default-rtdb.firebaseio.com\",\"storageBucket\":\"tecniapp-ice.firebasestorage.app\"}","GCLOUD_PROJECT":"tecniapp-ice","EVENTARC_CLOUD_EVENT_SOURCE":"projects/tecniapp-ice/locations/us-central1/services/sendVerificationCode","FUNCTION_TARGET":"sendVerificationCode","LOG_EXECUTION_ID":"true","FUNCTION_SIGNATURE_TYPE":"http"},"ingressSettings":"ALLOW_ALL","serviceAccountEmail":"1097214229632-compute@developer.gserviceaccount.com","availableMemory":"256Mi","secretEnvironmentVariables":[{"key":"MAIL_USER","projectId":"tecniapp-ice","secret":"MAIL_USER","version":"3"},{"key":"MAIL_PASS","projectId":"tecniapp-ice","secret":"MAIL_PASS","version":"2"}],"maxInstanceRequestConcurrency":80,"availableCpu":"1"},"labels":{"deployment-tool":"cli-firebase","deployment-callable":"true","firebase-functions-hash":"4d9743265dd83aa7b899901a0fc17df8d2fbf98b"},"environment":"GEN_2"},"stages":[{"name":"BUILD","state":"NOT_STARTED"},{"name":"SERVICE","state":"NOT_STARTED"}],"sourceToken":"Clhwcm9qZWN0cy8xMDk3MjE0MjI5NjMyL2xvY2F0aW9ucy91cy1jZW50cmFsMS9idWlsZHMvN2ViZGMxZWUtNjE1OS00NjBiLWJmZWQtMTRjMmU4YWVjNzcxEnV1cy1jZW50cmFsMS1kb2NrZXIucGtnLmRldi90ZWNuaWFwcC1pY2UvZ2NmLWFydGlmYWN0cy90ZWNuaWFwcC0taWNlX191cy0tY2VudHJhbDFfX3N5bmNfYXZlcmlhc195X25vdGlmaWNhcjp2ZXJzaW9uXzEYgPnBuPcfIktwcm9qZWN0cy90ZWNuaWFwcC1pY2UvbG9jYXRpb25zL3VzLWNlbnRyYWwxL2Z1bmN0aW9ucy9zeW5jQXZlcmlhc1lOb3RpZmljYXIqCwir0fPQBhCowuVAMghub2RlanMyMjp2CiNnY3IuaW8vZ2FlLXJ1bnRpbWVzL25vZGVqczIyOnN0YWJsZRJPdXMtY2VudHJhbDEtZG9ja2VyLnBrZy5kZXYvc2VydmVybGVzcy1ydW50aW1lcy9nb29nbGUtMjItZnVsbC9ydW50aW1lcy9ub2RlanMyMkAB","operationType":"CREATE_FUNCTION"},"done":false}
[debug] [2026-06-01T02:04:29.883Z] Got source token Clhwcm9qZWN0cy8xMDk3MjE0MjI5NjMyL2xvY2F0aW9ucy91cy1jZW50cmFsMS9idWlsZHMvN2ViZGMxZWUtNjE1OS00NjBiLWJmZWQtMTRjMmU4YWVjNzcxEnV1cy1jZW50cmFsMS1kb2NrZXIucGtnLmRldi90ZWNuaWFwcC1pY2UvZ2NmLWFydGlmYWN0cy90ZWNuaWFwcC0taWNlX191cy0tY2VudHJhbDFfX3N5bmNfYXZlcmlhc195X25vdGlmaWNhcjp2ZXJzaW9uXzEYgPnBuPcfIktwcm9qZWN0cy90ZWNuaWFwcC1pY2UvbG9jYXRpb25zL3VzLWNlbnRyYWwxL2Z1bmN0aW9ucy9zeW5jQXZlcmlhc1lOb3RpZmljYXIqCwir0fPQBhCowuVAMghub2RlanMyMjp2CiNnY3IuaW8vZ2FlLXJ1bnRpbWVzL25vZGVqczIyOnN0YWJsZRJPdXMtY2VudHJhbDEtZG9ja2VyLnBrZy5kZXYvc2VydmVybGVzcy1ydW50aW1lcy9nb29nbGUtMjItZnVsbC9ydW50aW1lcy9ub2RlanMyMkAB for region us-central1
[debug] [2026-06-01T02:04:30.034Z] <<< [apiv2][status] GET https://cloudfunctions.googleapis.com/v2/projects/tecniapp-ice/locations/us-central1/operations/operation-1780279469013-653279d59f929-432403d8-91ffc2e9 200
[debug] [2026-06-01T02:04:30.034Z] <<< [apiv2][body] GET https://cloudfunctions.googleapis.com/v2/projects/tecniapp-ice/locations/us-central1/operations/operation-1780279469013-653279d59f929-432403d8-91ffc2e9 {"name":"projects/tecniapp-ice/locations/us-central1/operations/operation-1780279469013-653279d59f929-432403d8-91ffc2e9","metadata":{"@type":"type.googleapis.com/google.cloud.functions.v2.OperationMetadata","createTime":"2026-06-01T02:04:29.479599258Z","target":"projects/tecniapp-ice/locations/us-central1/functions/sendReport","verb":"create","cancelRequested":false,"apiVersion":"v2","requestResource":{"@type":"type.googleapis.com/google.cloud.functions.v2.Function","name":"projects/tecniapp-ice/locations/us-central1/functions/sendReport","buildConfig":{"runtime":"nodejs22","entryPoint":"sendReport","source":{"storageSource":{"bucket":"gcf-v2-sources-1097214229632-us-central1","object":"sendReport/function-source.zip","generation":"1780279469272368"}},"environmentVariables":{"GOOGLE_NODE_RUN_SCRIPTS":""},"sourceToken":"Clhwcm9qZWN0cy8xMDk3MjE0MjI5NjMyL2xvY2F0aW9ucy91cy1jZW50cmFsMS9idWlsZHMvN2ViZGMxZWUtNjE1OS00NjBiLWJmZWQtMTRjMmU4YWVjNzcxEnV1cy1jZW50cmFsMS1kb2NrZXIucGtnLmRldi90ZWNuaWFwcC1pY2UvZ2NmLWFydGlmYWN0cy90ZWNuaWFwcC0taWNlX191cy0tY2VudHJhbDFfX3N5bmNfYXZlcmlhc195X25vdGlmaWNhcjp2ZXJzaW9uXzEYgPnBuPcfIktwcm9qZWN0cy90ZWNuaWFwcC1pY2UvbG9jYXRpb25zL3VzLWNlbnRyYWwxL2Z1bmN0aW9ucy9zeW5jQXZlcmlhc1lOb3RpZmljYXIqCwir0fPQBhCowuVAMghub2RlanMyMjp2CiNnY3IuaW8vZ2FlLXJ1bnRpbWVzL25vZGVqczIyOnN0YWJsZRJPdXMtY2VudHJhbDEtZG9ja2VyLnBrZy5kZXYvc2VydmVybGVzcy1ydW50aW1lcy9nb29nbGUtMjItZnVsbC9ydW50aW1lcy9ub2RlanMyMkAB","serviceAccount":"projects/tecniapp-ice/serviceAccounts/1097214229632-compute@developer.gserviceaccount.com","automaticUpdatePolicy":{}},"serviceConfig":{"service":"projects/tecniapp-ice/locations/us-central1/services/sendreport","timeoutSeconds":60,"environmentVariables":{"FIREBASE_CONFIG":"{\"projectId\":\"tecniapp-ice\",\"databaseURL\":\"https://tecniapp-ice-default-rtdb.firebaseio.com\",\"storageBucket\":\"tecniapp-ice.firebasestorage.app\"}","GCLOUD_PROJECT":"tecniapp-ice","EVENTARC_CLOUD_EVENT_SOURCE":"projects/tecniapp-ice/locations/us-central1/services/sendReport","FUNCTION_TARGET":"sendReport","LOG_EXECUTION_ID":"true","FUNCTION_SIGNATURE_TYPE":"http"},"ingressSettings":"ALLOW_ALL","serviceAccountEmail":"1097214229632-compute@developer.gserviceaccount.com","availableMemory":"256Mi","secretEnvironmentVariables":[{"key":"MAIL_USER","projectId":"tecniapp-ice","secret":"MAIL_USER","version":"3"},{"key":"MAIL_PASS","projectId":"tecniapp-ice","secret":"MAIL_PASS","version":"2"}],"maxInstanceRequestConcurrency":80,"availableCpu":"1"},"labels":{"deployment-tool":"cli-firebase","deployment-callable":"true","firebase-functions-hash":"4d9743265dd83aa7b899901a0fc17df8d2fbf98b"},"environment":"GEN_2"},"stages":[{"name":"BUILD","message":"Reusing build","state":"COMPLETE","resource":"projects/1097214229632/locations/us-central1/builds/7ebdc1ee-6159-460b-bfed-14c2e8aec771"},{"name":"SERVICE","state":"NOT_STARTED"}],"sourceToken":"Clhwcm9qZWN0cy8xMDk3MjE0MjI5NjMyL2xvY2F0aW9ucy91cy1jZW50cmFsMS9idWlsZHMvN2ViZGMxZWUtNjE1OS00NjBiLWJmZWQtMTRjMmU4YWVjNzcxEnV1cy1jZW50cmFsMS1kb2NrZXIucGtnLmRldi90ZWNuaWFwcC1pY2UvZ2NmLWFydGlmYWN0cy90ZWNuaWFwcC0taWNlX191cy0tY2VudHJhbDFfX3N5bmNfYXZlcmlhc195X25vdGlmaWNhcjp2ZXJzaW9uXzEYgPnBuPcfIktwcm9qZWN0cy90ZWNuaWFwcC1pY2UvbG9jYXRpb25zL3VzLWNlbnRyYWwxL2Z1bmN0aW9ucy9zeW5jQXZlcmlhc1lOb3RpZmljYXIqCwir0fPQBhCowuVAMghub2RlanMyMjp2CiNnY3IuaW8vZ2FlLXJ1bnRpbWVzL25vZGVqczIyOnN0YWJsZRJPdXMtY2VudHJhbDEtZG9ja2VyLnBrZy5kZXYvc2VydmVybGVzcy1ydW50aW1lcy9nb29nbGUtMjItZnVsbC9ydW50aW1lcy9ub2RlanMyMkAB","operationType":"CREATE_FUNCTION","buildName":"projects/1097214229632/locations/us-central1/builds/7ebdc1ee-6159-460b-bfed-14c2e8aec771"},"done":false}
[debug] [2026-06-01T02:04:30.034Z] Got source token Clhwcm9qZWN0cy8xMDk3MjE0MjI5NjMyL2xvY2F0aW9ucy91cy1jZW50cmFsMS9idWlsZHMvN2ViZGMxZWUtNjE1OS00NjBiLWJmZWQtMTRjMmU4YWVjNzcxEnV1cy1jZW50cmFsMS1kb2NrZXIucGtnLmRldi90ZWNuaWFwcC1pY2UvZ2NmLWFydGlmYWN0cy90ZWNuaWFwcC0taWNlX191cy0tY2VudHJhbDFfX3N5bmNfYXZlcmlhc195X25vdGlmaWNhcjp2ZXJzaW9uXzEYgPnBuPcfIktwcm9qZWN0cy90ZWNuaWFwcC1pY2UvbG9jYXRpb25zL3VzLWNlbnRyYWwxL2Z1bmN0aW9ucy9zeW5jQXZlcmlhc1lOb3RpZmljYXIqCwir0fPQBhCowuVAMghub2RlanMyMjp2CiNnY3IuaW8vZ2FlLXJ1bnRpbWVzL25vZGVqczIyOnN0YWJsZRJPdXMtY2VudHJhbDEtZG9ja2VyLnBrZy5kZXYvc2VydmVybGVzcy1ydW50aW1lcy9nb29nbGUtMjItZnVsbC9ydW50aW1lcy9ub2RlanMyMkAB for region us-central1
[debug] [2026-06-01T02:04:30.035Z] <<< [apiv2][status] POST https://cloudfunctions.googleapis.com/v2/projects/tecniapp-ice/locations/us-central1/functions 200
[debug] [2026-06-01T02:04:30.035Z] <<< [apiv2][body] POST https://cloudfunctions.googleapis.com/v2/projects/tecniapp-ice/locations/us-central1/functions {"name":"projects/tecniapp-ice/locations/us-central1/operations/operation-1780279469052-653279d5a9246-89c6bcb1-264564b0","metadata":{"@type":"type.googleapis.com/google.cloud.functions.v2.OperationMetadata","createTime":"2026-06-01T02:04:29.684330979Z","target":"projects/tecniapp-ice/locations/us-central1/functions/notifyProgramacionAssigned","verb":"create","cancelRequested":false,"apiVersion":"v2"},"done":false}
[debug] [2026-06-01T02:04:30.035Z] Checked if tokens are valid: true, expires at: 1780281501336
[debug] [2026-06-01T02:04:30.036Z] Checked if tokens are valid: true, expires at: 1780281501336
[debug] [2026-06-01T02:04:30.036Z] >>> [apiv2][query] GET https://cloudfunctions.googleapis.com/v2/projects/tecniapp-ice/locations/us-central1/operations/operation-1780279469052-653279d5a9246-89c6bcb1-264564b0 [none]
[debug] [2026-06-01T02:04:30.271Z] <<< [apiv2][status] GET https://cloudfunctions.googleapis.com/v2/projects/tecniapp-ice/locations/us-central1/operations/operation-1780279469052-653279d5a9246-89c6bcb1-264564b0 200
[debug] [2026-06-01T02:04:30.271Z] <<< [apiv2][body] GET https://cloudfunctions.googleapis.com/v2/projects/tecniapp-ice/locations/us-central1/operations/operation-1780279469052-653279d5a9246-89c6bcb1-264564b0 {"name":"projects/tecniapp-ice/locations/us-central1/operations/operation-1780279469052-653279d5a9246-89c6bcb1-264564b0","metadata":{"@type":"type.googleapis.com/google.cloud.functions.v2.OperationMetadata","createTime":"2026-06-01T02:04:29.684330979Z","target":"projects/tecniapp-ice/locations/us-central1/functions/notifyProgramacionAssigned","verb":"create","cancelRequested":false,"apiVersion":"v2","requestResource":{"@type":"type.googleapis.com/google.cloud.functions.v2.Function","name":"projects/tecniapp-ice/locations/us-central1/functions/notifyProgramacionAssigned","buildConfig":{"runtime":"nodejs22","entryPoint":"notifyProgramacionAssigned","source":{"storageSource":{"bucket":"gcf-v2-sources-1097214229632-us-central1","object":"notifyProgramacionAssigned/function-source.zip","generation":"1780279469287728"}},"environmentVariables":{"GOOGLE_NODE_RUN_SCRIPTS":""},"sourceToken":"Clhwcm9qZWN0cy8xMDk3MjE0MjI5NjMyL2xvY2F0aW9ucy91cy1jZW50cmFsMS9idWlsZHMvN2ViZGMxZWUtNjE1OS00NjBiLWJmZWQtMTRjMmU4YWVjNzcxEnV1cy1jZW50cmFsMS1kb2NrZXIucGtnLmRldi90ZWNuaWFwcC1pY2UvZ2NmLWFydGlmYWN0cy90ZWNuaWFwcC0taWNlX191cy0tY2VudHJhbDFfX3N5bmNfYXZlcmlhc195X25vdGlmaWNhcjp2ZXJzaW9uXzEYgPnBuPcfIktwcm9qZWN0cy90ZWNuaWFwcC1pY2UvbG9jYXRpb25zL3VzLWNlbnRyYWwxL2Z1bmN0aW9ucy9zeW5jQXZlcmlhc1lOb3RpZmljYXIqCwir0fPQBhCowuVAMghub2RlanMyMjp2CiNnY3IuaW8vZ2FlLXJ1bnRpbWVzL25vZGVqczIyOnN0YWJsZRJPdXMtY2VudHJhbDEtZG9ja2VyLnBrZy5kZXYvc2VydmVybGVzcy1ydW50aW1lcy9nb29nbGUtMjItZnVsbC9ydW50aW1lcy9ub2RlanMyMkAB","serviceAccount":"projects/tecniapp-ice/serviceAccounts/1097214229632-compute@developer.gserviceaccount.com","automaticUpdatePolicy":{}},"serviceConfig":{"service":"projects/tecniapp-ice/locations/us-central1/services/notifyprogramacionassigned","timeoutSeconds":60,"environmentVariables":{"FIREBASE_CONFIG":"{\"projectId\":\"tecniapp-ice\",\"databaseURL\":\"https://tecniapp-ice-default-rtdb.firebaseio.com\",\"storageBucket\":\"tecniapp-ice.firebasestorage.app\"}","GCLOUD_PROJECT":"tecniapp-ice","EVENTARC_CLOUD_EVENT_SOURCE":"projects/tecniapp-ice/locations/us-central1/services/notifyProgramacionAssigned","FUNCTION_SIGNATURE_TYPE":"cloudevent","FUNCTION_TARGET":"notifyProgramacionAssigned","LOG_EXECUTION_ID":"true"},"ingressSettings":"ALLOW_ALL","serviceAccountEmail":"1097214229632-compute@developer.gserviceaccount.com","availableMemory":"256Mi","maxInstanceRequestConcurrency":80,"availableCpu":"1"},"eventTrigger":{"trigger":"projects/tecniapp-ice/locations/us-central1/triggers/notifyprogramacionassigned-196197","triggerRegion":"us-central1","eventType":"google.firebase.database.ref.v1.created","eventFilters":[{"attribute":"instance","value":"tecniapp-ice-programacion"},{"attribute":"ref","value":"programaciones/{subregion}/{vehiculoId}/{programacionId}","operator":"match-path-pattern"}],"serviceAccountEmail":"1097214229632-compute@developer.gserviceaccount.com","retryPolicy":"RETRY_POLICY_DO_NOT_RETRY"},"labels":{"deployment-tool":"cli-firebase","firebase-functions-hash":"938724c7a4468481da149ff1690fa38e4aa78b2a"},"environment":"GEN_2"},"stages":[{"name":"BUILD","state":"NOT_STARTED"},{"name":"SERVICE","state":"NOT_STARTED"},{"name":"TRIGGER","state":"NOT_STARTED"}],"sourceToken":"Clhwcm9qZWN0cy8xMDk3MjE0MjI5NjMyL2xvY2F0aW9ucy91cy1jZW50cmFsMS9idWlsZHMvN2ViZGMxZWUtNjE1OS00NjBiLWJmZWQtMTRjMmU4YWVjNzcxEnV1cy1jZW50cmFsMS1kb2NrZXIucGtnLmRldi90ZWNuaWFwcC1pY2UvZ2NmLWFydGlmYWN0cy90ZWNuaWFwcC0taWNlX191cy0tY2VudHJhbDFfX3N5bmNfYXZlcmlhc195X25vdGlmaWNhcjp2ZXJzaW9uXzEYgPnBuPcfIktwcm9qZWN0cy90ZWNuaWFwcC1pY2UvbG9jYXRpb25zL3VzLWNlbnRyYWwxL2Z1bmN0aW9ucy9zeW5jQXZlcmlhc1lOb3RpZmljYXIqCwir0fPQBhCowuVAMghub2RlanMyMjp2CiNnY3IuaW8vZ2FlLXJ1bnRpbWVzL25vZGVqczIyOnN0YWJsZRJPdXMtY2VudHJhbDEtZG9ja2VyLnBrZy5kZXYvc2VydmVybGVzcy1ydW50aW1lcy9nb29nbGUtMjItZnVsbC9ydW50aW1lcy9ub2RlanMyMkAB","operationType":"CREATE_FUNCTION"},"done":false}
[debug] [2026-06-01T02:04:30.272Z] Got source token Clhwcm9qZWN0cy8xMDk3MjE0MjI5NjMyL2xvY2F0aW9ucy91cy1jZW50cmFsMS9idWlsZHMvN2ViZGMxZWUtNjE1OS00NjBiLWJmZWQtMTRjMmU4YWVjNzcxEnV1cy1jZW50cmFsMS1kb2NrZXIucGtnLmRldi90ZWNuaWFwcC1pY2UvZ2NmLWFydGlmYWN0cy90ZWNuaWFwcC0taWNlX191cy0tY2VudHJhbDFfX3N5bmNfYXZlcmlhc195X25vdGlmaWNhcjp2ZXJzaW9uXzEYgPnBuPcfIktwcm9qZWN0cy90ZWNuaWFwcC1pY2UvbG9jYXRpb25zL3VzLWNlbnRyYWwxL2Z1bmN0aW9ucy9zeW5jQXZlcmlhc1lOb3RpZmljYXIqCwir0fPQBhCowuVAMghub2RlanMyMjp2CiNnY3IuaW8vZ2FlLXJ1bnRpbWVzL25vZGVqczIyOnN0YWJsZRJPdXMtY2VudHJhbDEtZG9ja2VyLnBrZy5kZXYvc2VydmVybGVzcy1ydW50aW1lcy9nb29nbGUtMjItZnVsbC9ydW50aW1lcy9ub2RlanMyMkAB for region us-central1
[debug] [2026-06-01T02:04:30.390Z] [create-default-us-central1-sendVerificationCode] Retrying task index 0
[debug] [2026-06-01T02:04:30.390Z] Checked if tokens are valid: true, expires at: 1780281501336
[debug] [2026-06-01T02:04:30.390Z] Checked if tokens are valid: true, expires at: 1780281501336
[debug] [2026-06-01T02:04:30.390Z] >>> [apiv2][query] GET https://cloudfunctions.googleapis.com/v2/projects/tecniapp-ice/locations/us-central1/operations/operation-1780279468834-653279d573e5c-1f492f9d-33ac74ee [none]
[debug] [2026-06-01T02:04:30.546Z] [create-default-us-central1-sendReport] Retrying task index 0
[debug] [2026-06-01T02:04:30.547Z] Checked if tokens are valid: true, expires at: 1780281501336
[debug] [2026-06-01T02:04:30.547Z] Checked if tokens are valid: true, expires at: 1780281501336
[debug] [2026-06-01T02:04:30.547Z] >>> [apiv2][query] GET https://cloudfunctions.googleapis.com/v2/projects/tecniapp-ice/locations/us-central1/operations/operation-1780279469013-653279d59f929-432403d8-91ffc2e9 [none]
[debug] [2026-06-01T02:04:30.622Z] <<< [apiv2][status] GET https://cloudfunctions.googleapis.com/v2/projects/tecniapp-ice/locations/us-central1/operations/operation-1780279468834-653279d573e5c-1f492f9d-33ac74ee 200
[debug] [2026-06-01T02:04:30.622Z] <<< [apiv2][body] GET https://cloudfunctions.googleapis.com/v2/projects/tecniapp-ice/locations/us-central1/operations/operation-1780279468834-653279d573e5c-1f492f9d-33ac74ee {"name":"projects/tecniapp-ice/locations/us-central1/operations/operation-1780279468834-653279d573e5c-1f492f9d-33ac74ee","metadata":{"@type":"type.googleapis.com/google.cloud.functions.v2.OperationMetadata","createTime":"2026-06-01T02:04:29.312835816Z","target":"projects/tecniapp-ice/locations/us-central1/functions/sendVerificationCode","verb":"create","cancelRequested":false,"apiVersion":"v2","requestResource":{"@type":"type.googleapis.com/google.cloud.functions.v2.Function","name":"projects/tecniapp-ice/locations/us-central1/functions/sendVerificationCode","buildConfig":{"runtime":"nodejs22","entryPoint":"sendVerificationCode","source":{"storageSource":{"bucket":"gcf-v2-sources-1097214229632-us-central1","object":"sendVerificationCode/function-source.zip","generation":"1780279469078296"}},"environmentVariables":{"GOOGLE_NODE_RUN_SCRIPTS":""},"sourceToken":"Clhwcm9qZWN0cy8xMDk3MjE0MjI5NjMyL2xvY2F0aW9ucy91cy1jZW50cmFsMS9idWlsZHMvN2ViZGMxZWUtNjE1OS00NjBiLWJmZWQtMTRjMmU4YWVjNzcxEnV1cy1jZW50cmFsMS1kb2NrZXIucGtnLmRldi90ZWNuaWFwcC1pY2UvZ2NmLWFydGlmYWN0cy90ZWNuaWFwcC0taWNlX191cy0tY2VudHJhbDFfX3N5bmNfYXZlcmlhc195X25vdGlmaWNhcjp2ZXJzaW9uXzEYgPnBuPcfIktwcm9qZWN0cy90ZWNuaWFwcC1pY2UvbG9jYXRpb25zL3VzLWNlbnRyYWwxL2Z1bmN0aW9ucy9zeW5jQXZlcmlhc1lOb3RpZmljYXIqCwir0fPQBhCowuVAMghub2RlanMyMjp2CiNnY3IuaW8vZ2FlLXJ1bnRpbWVzL25vZGVqczIyOnN0YWJsZRJPdXMtY2VudHJhbDEtZG9ja2VyLnBrZy5kZXYvc2VydmVybGVzcy1ydW50aW1lcy9nb29nbGUtMjItZnVsbC9ydW50aW1lcy9ub2RlanMyMkAB","serviceAccount":"projects/tecniapp-ice/serviceAccounts/1097214229632-compute@developer.gserviceaccount.com","automaticUpdatePolicy":{}},"serviceConfig":{"service":"projects/tecniapp-ice/locations/us-central1/services/sendverificationcode","timeoutSeconds":60,"environmentVariables":{"FIREBASE_CONFIG":"{\"projectId\":\"tecniapp-ice\",\"databaseURL\":\"https://tecniapp-ice-default-rtdb.firebaseio.com\",\"storageBucket\":\"tecniapp-ice.firebasestorage.app\"}","GCLOUD_PROJECT":"tecniapp-ice","EVENTARC_CLOUD_EVENT_SOURCE":"projects/tecniapp-ice/locations/us-central1/services/sendVerificationCode","FUNCTION_TARGET":"sendVerificationCode","LOG_EXECUTION_ID":"true","FUNCTION_SIGNATURE_TYPE":"http"},"ingressSettings":"ALLOW_ALL","serviceAccountEmail":"1097214229632-compute@developer.gserviceaccount.com","availableMemory":"256Mi","secretEnvironmentVariables":[{"key":"MAIL_USER","projectId":"tecniapp-ice","secret":"MAIL_USER","version":"3"},{"key":"MAIL_PASS","projectId":"tecniapp-ice","secret":"MAIL_PASS","version":"2"}],"maxInstanceRequestConcurrency":80,"availableCpu":"1"},"labels":{"deployment-tool":"cli-firebase","deployment-callable":"true","firebase-functions-hash":"4d9743265dd83aa7b899901a0fc17df8d2fbf98b"},"environment":"GEN_2"},"stages":[{"name":"BUILD","message":"Reusing build","state":"COMPLETE","resource":"projects/1097214229632/locations/us-central1/builds/7ebdc1ee-6159-460b-bfed-14c2e8aec771"},{"name":"SERVICE","message":"Creating Cloud Run service","state":"IN_PROGRESS","resource":"projects/tecniapp-ice/locations/us-central1/services/sendverificationcode","resourceUri":"https://console.cloud.google.com/run/detail/us-central1/sendverificationcode?project=tecniapp-ice"}],"sourceToken":"Clhwcm9qZWN0cy8xMDk3MjE0MjI5NjMyL2xvY2F0aW9ucy91cy1jZW50cmFsMS9idWlsZHMvN2ViZGMxZWUtNjE1OS00NjBiLWJmZWQtMTRjMmU4YWVjNzcxEnV1cy1jZW50cmFsMS1kb2NrZXIucGtnLmRldi90ZWNuaWFwcC1pY2UvZ2NmLWFydGlmYWN0cy90ZWNuaWFwcC0taWNlX191cy0tY2VudHJhbDFfX3N5bmNfYXZlcmlhc195X25vdGlmaWNhcjp2ZXJzaW9uXzEYgPnBuPcfIktwcm9qZWN0cy90ZWNuaWFwcC1pY2UvbG9jYXRpb25zL3VzLWNlbnRyYWwxL2Z1bmN0aW9ucy9zeW5jQXZlcmlhc1lOb3RpZmljYXIqCwir0fPQBhCowuVAMghub2RlanMyMjp2CiNnY3IuaW8vZ2FlLXJ1bnRpbWVzL25vZGVqczIyOnN0YWJsZRJPdXMtY2VudHJhbDEtZG9ja2VyLnBrZy5kZXYvc2VydmVybGVzcy1ydW50aW1lcy9nb29nbGUtMjItZnVsbC9ydW50aW1lcy9ub2RlanMyMkAB","operationType":"CREATE_FUNCTION","buildName":"projects/1097214229632/locations/us-central1/builds/7ebdc1ee-6159-460b-bfed-14c2e8aec771"},"done":false}
[debug] [2026-06-01T02:04:30.622Z] Got source token Clhwcm9qZWN0cy8xMDk3MjE0MjI5NjMyL2xvY2F0aW9ucy91cy1jZW50cmFsMS9idWlsZHMvN2ViZGMxZWUtNjE1OS00NjBiLWJmZWQtMTRjMmU4YWVjNzcxEnV1cy1jZW50cmFsMS1kb2NrZXIucGtnLmRldi90ZWNuaWFwcC1pY2UvZ2NmLWFydGlmYWN0cy90ZWNuaWFwcC0taWNlX191cy0tY2VudHJhbDFfX3N5bmNfYXZlcmlhc195X25vdGlmaWNhcjp2ZXJzaW9uXzEYgPnBuPcfIktwcm9qZWN0cy90ZWNuaWFwcC1pY2UvbG9jYXRpb25zL3VzLWNlbnRyYWwxL2Z1bmN0aW9ucy9zeW5jQXZlcmlhc1lOb3RpZmljYXIqCwir0fPQBhCowuVAMghub2RlanMyMjp2CiNnY3IuaW8vZ2FlLXJ1bnRpbWVzL25vZGVqczIyOnN0YWJsZRJPdXMtY2VudHJhbDEtZG9ja2VyLnBrZy5kZXYvc2VydmVybGVzcy1ydW50aW1lcy9nb29nbGUtMjItZnVsbC9ydW50aW1lcy9ub2RlanMyMkAB for region us-central1
[debug] [2026-06-01T02:04:30.766Z] <<< [apiv2][status] GET https://cloudfunctions.googleapis.com/v2/projects/tecniapp-ice/locations/us-central1/operations/operation-1780279469013-653279d59f929-432403d8-91ffc2e9 200
[debug] [2026-06-01T02:04:30.767Z] <<< [apiv2][body] GET https://cloudfunctions.googleapis.com/v2/projects/tecniapp-ice/locations/us-central1/operations/operation-1780279469013-653279d59f929-432403d8-91ffc2e9 {"name":"projects/tecniapp-ice/locations/us-central1/operations/operation-1780279469013-653279d59f929-432403d8-91ffc2e9","metadata":{"@type":"type.googleapis.com/google.cloud.functions.v2.OperationMetadata","createTime":"2026-06-01T02:04:29.479599258Z","target":"projects/tecniapp-ice/locations/us-central1/functions/sendReport","verb":"create","cancelRequested":false,"apiVersion":"v2","requestResource":{"@type":"type.googleapis.com/google.cloud.functions.v2.Function","name":"projects/tecniapp-ice/locations/us-central1/functions/sendReport","buildConfig":{"runtime":"nodejs22","entryPoint":"sendReport","source":{"storageSource":{"bucket":"gcf-v2-sources-1097214229632-us-central1","object":"sendReport/function-source.zip","generation":"1780279469272368"}},"environmentVariables":{"GOOGLE_NODE_RUN_SCRIPTS":""},"sourceToken":"Clhwcm9qZWN0cy8xMDk3MjE0MjI5NjMyL2xvY2F0aW9ucy91cy1jZW50cmFsMS9idWlsZHMvN2ViZGMxZWUtNjE1OS00NjBiLWJmZWQtMTRjMmU4YWVjNzcxEnV1cy1jZW50cmFsMS1kb2NrZXIucGtnLmRldi90ZWNuaWFwcC1pY2UvZ2NmLWFydGlmYWN0cy90ZWNuaWFwcC0taWNlX191cy0tY2VudHJhbDFfX3N5bmNfYXZlcmlhc195X25vdGlmaWNhcjp2ZXJzaW9uXzEYgPnBuPcfIktwcm9qZWN0cy90ZWNuaWFwcC1pY2UvbG9jYXRpb25zL3VzLWNlbnRyYWwxL2Z1bmN0aW9ucy9zeW5jQXZlcmlhc1lOb3RpZmljYXIqCwir0fPQBhCowuVAMghub2RlanMyMjp2CiNnY3IuaW8vZ2FlLXJ1bnRpbWVzL25vZGVqczIyOnN0YWJsZRJPdXMtY2VudHJhbDEtZG9ja2VyLnBrZy5kZXYvc2VydmVybGVzcy1ydW50aW1lcy9nb29nbGUtMjItZnVsbC9ydW50aW1lcy9ub2RlanMyMkAB","serviceAccount":"projects/tecniapp-ice/serviceAccounts/1097214229632-compute@developer.gserviceaccount.com","automaticUpdatePolicy":{}},"serviceConfig":{"service":"projects/tecniapp-ice/locations/us-central1/services/sendreport","timeoutSeconds":60,"environmentVariables":{"FIREBASE_CONFIG":"{\"projectId\":\"tecniapp-ice\",\"databaseURL\":\"https://tecniapp-ice-default-rtdb.firebaseio.com\",\"storageBucket\":\"tecniapp-ice.firebasestorage.app\"}","GCLOUD_PROJECT":"tecniapp-ice","EVENTARC_CLOUD_EVENT_SOURCE":"projects/tecniapp-ice/locations/us-central1/services/sendReport","FUNCTION_TARGET":"sendReport","LOG_EXECUTION_ID":"true","FUNCTION_SIGNATURE_TYPE":"http"},"ingressSettings":"ALLOW_ALL","serviceAccountEmail":"1097214229632-compute@developer.gserviceaccount.com","availableMemory":"256Mi","secretEnvironmentVariables":[{"key":"MAIL_USER","projectId":"tecniapp-ice","secret":"MAIL_USER","version":"3"},{"key":"MAIL_PASS","projectId":"tecniapp-ice","secret":"MAIL_PASS","version":"2"}],"maxInstanceRequestConcurrency":80,"availableCpu":"1"},"labels":{"deployment-tool":"cli-firebase","deployment-callable":"true","firebase-functions-hash":"4d9743265dd83aa7b899901a0fc17df8d2fbf98b"},"environment":"GEN_2"},"stages":[{"name":"BUILD","message":"Reusing build","state":"COMPLETE","resource":"projects/1097214229632/locations/us-central1/builds/7ebdc1ee-6159-460b-bfed-14c2e8aec771"},{"name":"SERVICE","message":"Creating Cloud Run service","state":"IN_PROGRESS","resource":"projects/tecniapp-ice/locations/us-central1/services/sendreport","resourceUri":"https://console.cloud.google.com/run/detail/us-central1/sendreport?project=tecniapp-ice"}],"sourceToken":"Clhwcm9qZWN0cy8xMDk3MjE0MjI5NjMyL2xvY2F0aW9ucy91cy1jZW50cmFsMS9idWlsZHMvN2ViZGMxZWUtNjE1OS00NjBiLWJmZWQtMTRjMmU4YWVjNzcxEnV1cy1jZW50cmFsMS1kb2NrZXIucGtnLmRldi90ZWNuaWFwcC1pY2UvZ2NmLWFydGlmYWN0cy90ZWNuaWFwcC0taWNlX191cy0tY2VudHJhbDFfX3N5bmNfYXZlcmlhc195X25vdGlmaWNhcjp2ZXJzaW9uXzEYgPnBuPcfIktwcm9qZWN0cy90ZWNuaWFwcC1pY2UvbG9jYXRpb25zL3VzLWNlbnRyYWwxL2Z1bmN0aW9ucy9zeW5jQXZlcmlhc1lOb3RpZmljYXIqCwir0fPQBhCowuVAMghub2RlanMyMjp2CiNnY3IuaW8vZ2FlLXJ1bnRpbWVzL25vZGVqczIyOnN0YWJsZRJPdXMtY2VudHJhbDEtZG9ja2VyLnBrZy5kZXYvc2VydmVybGVzcy1ydW50aW1lcy9nb29nbGUtMjItZnVsbC9ydW50aW1lcy9ub2RlanMyMkAB","operationType":"CREATE_FUNCTION","buildName":"projects/1097214229632/locations/us-central1/builds/7ebdc1ee-6159-460b-bfed-14c2e8aec771"},"done":false}
[debug] [2026-06-01T02:04:30.767Z] Got source token Clhwcm9qZWN0cy8xMDk3MjE0MjI5NjMyL2xvY2F0aW9ucy91cy1jZW50cmFsMS9idWlsZHMvN2ViZGMxZWUtNjE1OS00NjBiLWJmZWQtMTRjMmU4YWVjNzcxEnV1cy1jZW50cmFsMS1kb2NrZXIucGtnLmRldi90ZWNuaWFwcC1pY2UvZ2NmLWFydGlmYWN0cy90ZWNuaWFwcC0taWNlX191cy0tY2VudHJhbDFfX3N5bmNfYXZlcmlhc195X25vdGlmaWNhcjp2ZXJzaW9uXzEYgPnBuPcfIktwcm9qZWN0cy90ZWNuaWFwcC1pY2UvbG9jYXRpb25zL3VzLWNlbnRyYWwxL2Z1bmN0aW9ucy9zeW5jQXZlcmlhc1lOb3RpZmljYXIqCwir0fPQBhCowuVAMghub2RlanMyMjp2CiNnY3IuaW8vZ2FlLXJ1bnRpbWVzL25vZGVqczIyOnN0YWJsZRJPdXMtY2VudHJhbDEtZG9ja2VyLnBrZy5kZXYvc2VydmVybGVzcy1ydW50aW1lcy9nb29nbGUtMjItZnVsbC9ydW50aW1lcy9ub2RlanMyMkAB for region us-central1
[debug] [2026-06-01T02:04:30.776Z] [create-default-us-central1-notifyProgramacionAssigned] Retrying task index 0
[debug] [2026-06-01T02:04:30.776Z] Checked if tokens are valid: true, expires at: 1780281501336
[debug] [2026-06-01T02:04:30.776Z] Checked if tokens are valid: true, expires at: 1780281501336
[debug] [2026-06-01T02:04:30.777Z] >>> [apiv2][query] GET https://cloudfunctions.googleapis.com/v2/projects/tecniapp-ice/locations/us-central1/operations/operation-1780279469052-653279d5a9246-89c6bcb1-264564b0 [none]
[debug] [2026-06-01T02:04:31.013Z] <<< [apiv2][status] GET https://cloudfunctions.googleapis.com/v2/projects/tecniapp-ice/locations/us-central1/operations/operation-1780279469052-653279d5a9246-89c6bcb1-264564b0 200
[debug] [2026-06-01T02:04:31.013Z] <<< [apiv2][body] GET https://cloudfunctions.googleapis.com/v2/projects/tecniapp-ice/locations/us-central1/operations/operation-1780279469052-653279d5a9246-89c6bcb1-264564b0 {"name":"projects/tecniapp-ice/locations/us-central1/operations/operation-1780279469052-653279d5a9246-89c6bcb1-264564b0","metadata":{"@type":"type.googleapis.com/google.cloud.functions.v2.OperationMetadata","createTime":"2026-06-01T02:04:29.684330979Z","target":"projects/tecniapp-ice/locations/us-central1/functions/notifyProgramacionAssigned","verb":"create","cancelRequested":false,"apiVersion":"v2","requestResource":{"@type":"type.googleapis.com/google.cloud.functions.v2.Function","name":"projects/tecniapp-ice/locations/us-central1/functions/notifyProgramacionAssigned","buildConfig":{"runtime":"nodejs22","entryPoint":"notifyProgramacionAssigned","source":{"storageSource":{"bucket":"gcf-v2-sources-1097214229632-us-central1","object":"notifyProgramacionAssigned/function-source.zip","generation":"1780279469287728"}},"environmentVariables":{"GOOGLE_NODE_RUN_SCRIPTS":""},"sourceToken":"Clhwcm9qZWN0cy8xMDk3MjE0MjI5NjMyL2xvY2F0aW9ucy91cy1jZW50cmFsMS9idWlsZHMvN2ViZGMxZWUtNjE1OS00NjBiLWJmZWQtMTRjMmU4YWVjNzcxEnV1cy1jZW50cmFsMS1kb2NrZXIucGtnLmRldi90ZWNuaWFwcC1pY2UvZ2NmLWFydGlmYWN0cy90ZWNuaWFwcC0taWNlX191cy0tY2VudHJhbDFfX3N5bmNfYXZlcmlhc195X25vdGlmaWNhcjp2ZXJzaW9uXzEYgPnBuPcfIktwcm9qZWN0cy90ZWNuaWFwcC1pY2UvbG9jYXRpb25zL3VzLWNlbnRyYWwxL2Z1bmN0aW9ucy9zeW5jQXZlcmlhc1lOb3RpZmljYXIqCwir0fPQBhCowuVAMghub2RlanMyMjp2CiNnY3IuaW8vZ2FlLXJ1bnRpbWVzL25vZGVqczIyOnN0YWJsZRJPdXMtY2VudHJhbDEtZG9ja2VyLnBrZy5kZXYvc2VydmVybGVzcy1ydW50aW1lcy9nb29nbGUtMjItZnVsbC9ydW50aW1lcy9ub2RlanMyMkAB","serviceAccount":"projects/tecniapp-ice/serviceAccounts/1097214229632-compute@developer.gserviceaccount.com","automaticUpdatePolicy":{}},"serviceConfig":{"service":"projects/tecniapp-ice/locations/us-central1/services/notifyprogramacionassigned","timeoutSeconds":60,"environmentVariables":{"FIREBASE_CONFIG":"{\"projectId\":\"tecniapp-ice\",\"databaseURL\":\"https://tecniapp-ice-default-rtdb.firebaseio.com\",\"storageBucket\":\"tecniapp-ice.firebasestorage.app\"}","GCLOUD_PROJECT":"tecniapp-ice","EVENTARC_CLOUD_EVENT_SOURCE":"projects/tecniapp-ice/locations/us-central1/services/notifyProgramacionAssigned","FUNCTION_SIGNATURE_TYPE":"cloudevent","FUNCTION_TARGET":"notifyProgramacionAssigned","LOG_EXECUTION_ID":"true"},"ingressSettings":"ALLOW_ALL","serviceAccountEmail":"1097214229632-compute@developer.gserviceaccount.com","availableMemory":"256Mi","maxInstanceRequestConcurrency":80,"availableCpu":"1"},"eventTrigger":{"trigger":"projects/tecniapp-ice/locations/us-central1/triggers/notifyprogramacionassigned-196197","triggerRegion":"us-central1","eventType":"google.firebase.database.ref.v1.created","eventFilters":[{"attribute":"instance","value":"tecniapp-ice-programacion"},{"attribute":"ref","value":"programaciones/{subregion}/{vehiculoId}/{programacionId}","operator":"match-path-pattern"}],"serviceAccountEmail":"1097214229632-compute@developer.gserviceaccount.com","retryPolicy":"RETRY_POLICY_DO_NOT_RETRY"},"labels":{"deployment-tool":"cli-firebase","firebase-functions-hash":"938724c7a4468481da149ff1690fa38e4aa78b2a"},"environment":"GEN_2"},"stages":[{"name":"BUILD","message":"Reusing build","state":"COMPLETE","resource":"projects/1097214229632/locations/us-central1/builds/7ebdc1ee-6159-460b-bfed-14c2e8aec771"},{"name":"SERVICE","message":"Creating Cloud Run service","state":"IN_PROGRESS","resource":"projects/tecniapp-ice/locations/us-central1/services/notifyprogramacionassigned","resourceUri":"https://console.cloud.google.com/run/detail/us-central1/notifyprogramacionassigned?project=tecniapp-ice"},{"name":"TRIGGER","state":"NOT_STARTED"}],"sourceToken":"Clhwcm9qZWN0cy8xMDk3MjE0MjI5NjMyL2xvY2F0aW9ucy91cy1jZW50cmFsMS9idWlsZHMvN2ViZGMxZWUtNjE1OS00NjBiLWJmZWQtMTRjMmU4YWVjNzcxEnV1cy1jZW50cmFsMS1kb2NrZXIucGtnLmRldi90ZWNuaWFwcC1pY2UvZ2NmLWFydGlmYWN0cy90ZWNuaWFwcC0taWNlX191cy0tY2VudHJhbDFfX3N5bmNfYXZlcmlhc195X25vdGlmaWNhcjp2ZXJzaW9uXzEYgPnBuPcfIktwcm9qZWN0cy90ZWNuaWFwcC1pY2UvbG9jYXRpb25zL3VzLWNlbnRyYWwxL2Z1bmN0aW9ucy9zeW5jQXZlcmlhc1lOb3RpZmljYXIqCwir0fPQBhCowuVAMghub2RlanMyMjp2CiNnY3IuaW8vZ2FlLXJ1bnRpbWVzL25vZGVqczIyOnN0YWJsZRJPdXMtY2VudHJhbDEtZG9ja2VyLnBrZy5kZXYvc2VydmVybGVzcy1ydW50aW1lcy9nb29nbGUtMjItZnVsbC9ydW50aW1lcy9ub2RlanMyMkAB","operationType":"CREATE_FUNCTION","buildName":"projects/1097214229632/locations/us-central1/builds/7ebdc1ee-6159-460b-bfed-14c2e8aec771"},"done":false}
[debug] [2026-06-01T02:04:31.013Z] Got source token Clhwcm9qZWN0cy8xMDk3MjE0MjI5NjMyL2xvY2F0aW9ucy91cy1jZW50cmFsMS9idWlsZHMvN2ViZGMxZWUtNjE1OS00NjBiLWJmZWQtMTRjMmU4YWVjNzcxEnV1cy1jZW50cmFsMS1kb2NrZXIucGtnLmRldi90ZWNuaWFwcC1pY2UvZ2NmLWFydGlmYWN0cy90ZWNuaWFwcC0taWNlX191cy0tY2VudHJhbDFfX3N5bmNfYXZlcmlhc195X25vdGlmaWNhcjp2ZXJzaW9uXzEYgPnBuPcfIktwcm9qZWN0cy90ZWNuaWFwcC1pY2UvbG9jYXRpb25zL3VzLWNlbnRyYWwxL2Z1bmN0aW9ucy9zeW5jQXZlcmlhc1lOb3RpZmljYXIqCwir0fPQBhCowuVAMghub2RlanMyMjp2CiNnY3IuaW8vZ2FlLXJ1bnRpbWVzL25vZGVqczIyOnN0YWJsZRJPdXMtY2VudHJhbDEtZG9ja2VyLnBrZy5kZXYvc2VydmVybGVzcy1ydW50aW1lcy9nb29nbGUtMjItZnVsbC9ydW50aW1lcy9ub2RlanMyMkAB for region us-central1
[debug] [2026-06-01T02:04:31.632Z] [create-default-us-central1-sendVerificationCode] Retrying task index 0
[debug] [2026-06-01T02:04:31.633Z] Checked if tokens are valid: true, expires at: 1780281501336
[debug] [2026-06-01T02:04:31.633Z] Checked if tokens are valid: true, expires at: 1780281501336
[debug] [2026-06-01T02:04:31.633Z] >>> [apiv2][query] GET https://cloudfunctions.googleapis.com/v2/projects/tecniapp-ice/locations/us-central1/operations/operation-1780279468834-653279d573e5c-1f492f9d-33ac74ee [none]
[debug] [2026-06-01T02:04:31.753Z] <<< [apiv2][status] GET https://cloudfunctions.googleapis.com/v2/projects/tecniapp-ice/locations/us-central1/operations/operation-1780279468834-653279d573e5c-1f492f9d-33ac74ee 200
[debug] [2026-06-01T02:04:31.754Z] <<< [apiv2][body] GET https://cloudfunctions.googleapis.com/v2/projects/tecniapp-ice/locations/us-central1/operations/operation-1780279468834-653279d573e5c-1f492f9d-33ac74ee {"name":"projects/tecniapp-ice/locations/us-central1/operations/operation-1780279468834-653279d573e5c-1f492f9d-33ac74ee","metadata":{"@type":"type.googleapis.com/google.cloud.functions.v2.OperationMetadata","createTime":"2026-06-01T02:04:29.312835816Z","target":"projects/tecniapp-ice/locations/us-central1/functions/sendVerificationCode","verb":"create","cancelRequested":false,"apiVersion":"v2","requestResource":{"@type":"type.googleapis.com/google.cloud.functions.v2.Function","name":"projects/tecniapp-ice/locations/us-central1/functions/sendVerificationCode","buildConfig":{"runtime":"nodejs22","entryPoint":"sendVerificationCode","source":{"storageSource":{"bucket":"gcf-v2-sources-1097214229632-us-central1","object":"sendVerificationCode/function-source.zip","generation":"1780279469078296"}},"environmentVariables":{"GOOGLE_NODE_RUN_SCRIPTS":""},"sourceToken":"Clhwcm9qZWN0cy8xMDk3MjE0MjI5NjMyL2xvY2F0aW9ucy91cy1jZW50cmFsMS9idWlsZHMvN2ViZGMxZWUtNjE1OS00NjBiLWJmZWQtMTRjMmU4YWVjNzcxEnV1cy1jZW50cmFsMS1kb2NrZXIucGtnLmRldi90ZWNuaWFwcC1pY2UvZ2NmLWFydGlmYWN0cy90ZWNuaWFwcC0taWNlX191cy0tY2VudHJhbDFfX3N5bmNfYXZlcmlhc195X25vdGlmaWNhcjp2ZXJzaW9uXzEYgPnBuPcfIktwcm9qZWN0cy90ZWNuaWFwcC1pY2UvbG9jYXRpb25zL3VzLWNlbnRyYWwxL2Z1bmN0aW9ucy9zeW5jQXZlcmlhc1lOb3RpZmljYXIqCwir0fPQBhCowuVAMghub2RlanMyMjp2CiNnY3IuaW8vZ2FlLXJ1bnRpbWVzL25vZGVqczIyOnN0YWJsZRJPdXMtY2VudHJhbDEtZG9ja2VyLnBrZy5kZXYvc2VydmVybGVzcy1ydW50aW1lcy9nb29nbGUtMjItZnVsbC9ydW50aW1lcy9ub2RlanMyMkAB","serviceAccount":"projects/tecniapp-ice/serviceAccounts/1097214229632-compute@developer.gserviceaccount.com","automaticUpdatePolicy":{}},"serviceConfig":{"service":"projects/tecniapp-ice/locations/us-central1/services/sendverificationcode","timeoutSeconds":60,"environmentVariables":{"FIREBASE_CONFIG":"{\"projectId\":\"tecniapp-ice\",\"databaseURL\":\"https://tecniapp-ice-default-rtdb.firebaseio.com\",\"storageBucket\":\"tecniapp-ice.firebasestorage.app\"}","GCLOUD_PROJECT":"tecniapp-ice","EVENTARC_CLOUD_EVENT_SOURCE":"projects/tecniapp-ice/locations/us-central1/services/sendVerificationCode","FUNCTION_TARGET":"sendVerificationCode","LOG_EXECUTION_ID":"true","FUNCTION_SIGNATURE_TYPE":"http"},"ingressSettings":"ALLOW_ALL","serviceAccountEmail":"1097214229632-compute@developer.gserviceaccount.com","availableMemory":"256Mi","secretEnvironmentVariables":[{"key":"MAIL_USER","projectId":"tecniapp-ice","secret":"MAIL_USER","version":"3"},{"key":"MAIL_PASS","projectId":"tecniapp-ice","secret":"MAIL_PASS","version":"2"}],"maxInstanceRequestConcurrency":80,"availableCpu":"1"},"labels":{"deployment-tool":"cli-firebase","deployment-callable":"true","firebase-functions-hash":"4d9743265dd83aa7b899901a0fc17df8d2fbf98b"},"environment":"GEN_2"},"stages":[{"name":"BUILD","message":"Reusing build","state":"COMPLETE","resource":"projects/1097214229632/locations/us-central1/builds/7ebdc1ee-6159-460b-bfed-14c2e8aec771"},{"name":"SERVICE","message":"Creating Cloud Run service","state":"IN_PROGRESS","resource":"projects/tecniapp-ice/locations/us-central1/services/sendverificationcode","resourceUri":"https://console.cloud.google.com/run/detail/us-central1/sendverificationcode?project=tecniapp-ice"}],"sourceToken":"Clhwcm9qZWN0cy8xMDk3MjE0MjI5NjMyL2xvY2F0aW9ucy91cy1jZW50cmFsMS9idWlsZHMvN2ViZGMxZWUtNjE1OS00NjBiLWJmZWQtMTRjMmU4YWVjNzcxEnV1cy1jZW50cmFsMS1kb2NrZXIucGtnLmRldi90ZWNuaWFwcC1pY2UvZ2NmLWFydGlmYWN0cy90ZWNuaWFwcC0taWNlX191cy0tY2VudHJhbDFfX3N5bmNfYXZlcmlhc195X25vdGlmaWNhcjp2ZXJzaW9uXzEYgPnBuPcfIktwcm9qZWN0cy90ZWNuaWFwcC1pY2UvbG9jYXRpb25zL3VzLWNlbnRyYWwxL2Z1bmN0aW9ucy9zeW5jQXZlcmlhc1lOb3RpZmljYXIqCwir0fPQBhCowuVAMghub2RlanMyMjp2CiNnY3IuaW8vZ2FlLXJ1bnRpbWVzL25vZGVqczIyOnN0YWJsZRJPdXMtY2VudHJhbDEtZG9ja2VyLnBrZy5kZXYvc2VydmVybGVzcy1ydW50aW1lcy9nb29nbGUtMjItZnVsbC9ydW50aW1lcy9ub2RlanMyMkAB","operationType":"CREATE_FUNCTION","buildName":"projects/1097214229632/locations/us-central1/builds/7ebdc1ee-6159-460b-bfed-14c2e8aec771"},"done":false}
[debug] [2026-06-01T02:04:31.754Z] Got source token Clhwcm9qZWN0cy8xMDk3MjE0MjI5NjMyL2xvY2F0aW9ucy91cy1jZW50cmFsMS9idWlsZHMvN2ViZGMxZWUtNjE1OS00NjBiLWJmZWQtMTRjMmU4YWVjNzcxEnV1cy1jZW50cmFsMS1kb2NrZXIucGtnLmRldi90ZWNuaWFwcC1pY2UvZ2NmLWFydGlmYWN0cy90ZWNuaWFwcC0taWNlX191cy0tY2VudHJhbDFfX3N5bmNfYXZlcmlhc195X25vdGlmaWNhcjp2ZXJzaW9uXzEYgPnBuPcfIktwcm9qZWN0cy90ZWNuaWFwcC1pY2UvbG9jYXRpb25zL3VzLWNlbnRyYWwxL2Z1bmN0aW9ucy9zeW5jQXZlcmlhc1lOb3RpZmljYXIqCwir0fPQBhCowuVAMghub2RlanMyMjp2CiNnY3IuaW8vZ2FlLXJ1bnRpbWVzL25vZGVqczIyOnN0YWJsZRJPdXMtY2VudHJhbDEtZG9ja2VyLnBrZy5kZXYvc2VydmVybGVzcy1ydW50aW1lcy9nb29nbGUtMjItZnVsbC9ydW50aW1lcy9ub2RlanMyMkAB for region us-central1
[debug] [2026-06-01T02:04:31.772Z] [create-default-us-central1-sendReport] Retrying task index 0
[debug] [2026-06-01T02:04:31.773Z] Checked if tokens are valid: true, expires at: 1780281501336
[debug] [2026-06-01T02:04:31.773Z] Checked if tokens are valid: true, expires at: 1780281501336
[debug] [2026-06-01T02:04:31.773Z] >>> [apiv2][query] GET https://cloudfunctions.googleapis.com/v2/projects/tecniapp-ice/locations/us-central1/operations/operation-1780279469013-653279d59f929-432403d8-91ffc2e9 [none]
[debug] [2026-06-01T02:04:31.998Z] <<< [apiv2][status] GET https://cloudfunctions.googleapis.com/v2/projects/tecniapp-ice/locations/us-central1/operations/operation-1780279469013-653279d59f929-432403d8-91ffc2e9 200
[debug] [2026-06-01T02:04:31.998Z] <<< [apiv2][body] GET https://cloudfunctions.googleapis.com/v2/projects/tecniapp-ice/locations/us-central1/operations/operation-1780279469013-653279d59f929-432403d8-91ffc2e9 {"name":"projects/tecniapp-ice/locations/us-central1/operations/operation-1780279469013-653279d59f929-432403d8-91ffc2e9","metadata":{"@type":"type.googleapis.com/google.cloud.functions.v2.OperationMetadata","createTime":"2026-06-01T02:04:29.479599258Z","target":"projects/tecniapp-ice/locations/us-central1/functions/sendReport","verb":"create","cancelRequested":false,"apiVersion":"v2","requestResource":{"@type":"type.googleapis.com/google.cloud.functions.v2.Function","name":"projects/tecniapp-ice/locations/us-central1/functions/sendReport","buildConfig":{"runtime":"nodejs22","entryPoint":"sendReport","source":{"storageSource":{"bucket":"gcf-v2-sources-1097214229632-us-central1","object":"sendReport/function-source.zip","generation":"1780279469272368"}},"environmentVariables":{"GOOGLE_NODE_RUN_SCRIPTS":""},"sourceToken":"Clhwcm9qZWN0cy8xMDk3MjE0MjI5NjMyL2xvY2F0aW9ucy91cy1jZW50cmFsMS9idWlsZHMvN2ViZGMxZWUtNjE1OS00NjBiLWJmZWQtMTRjMmU4YWVjNzcxEnV1cy1jZW50cmFsMS1kb2NrZXIucGtnLmRldi90ZWNuaWFwcC1pY2UvZ2NmLWFydGlmYWN0cy90ZWNuaWFwcC0taWNlX191cy0tY2VudHJhbDFfX3N5bmNfYXZlcmlhc195X25vdGlmaWNhcjp2ZXJzaW9uXzEYgPnBuPcfIktwcm9qZWN0cy90ZWNuaWFwcC1pY2UvbG9jYXRpb25zL3VzLWNlbnRyYWwxL2Z1bmN0aW9ucy9zeW5jQXZlcmlhc1lOb3RpZmljYXIqCwir0fPQBhCowuVAMghub2RlanMyMjp2CiNnY3IuaW8vZ2FlLXJ1bnRpbWVzL25vZGVqczIyOnN0YWJsZRJPdXMtY2VudHJhbDEtZG9ja2VyLnBrZy5kZXYvc2VydmVybGVzcy1ydW50aW1lcy9nb29nbGUtMjItZnVsbC9ydW50aW1lcy9ub2RlanMyMkAB","serviceAccount":"projects/tecniapp-ice/serviceAccounts/1097214229632-compute@developer.gserviceaccount.com","automaticUpdatePolicy":{}},"serviceConfig":{"service":"projects/tecniapp-ice/locations/us-central1/services/sendreport","timeoutSeconds":60,"environmentVariables":{"FIREBASE_CONFIG":"{\"projectId\":\"tecniapp-ice\",\"databaseURL\":\"https://tecniapp-ice-default-rtdb.firebaseio.com\",\"storageBucket\":\"tecniapp-ice.firebasestorage.app\"}","GCLOUD_PROJECT":"tecniapp-ice","EVENTARC_CLOUD_EVENT_SOURCE":"projects/tecniapp-ice/locations/us-central1/services/sendReport","FUNCTION_TARGET":"sendReport","LOG_EXECUTION_ID":"true","FUNCTION_SIGNATURE_TYPE":"http"},"ingressSettings":"ALLOW_ALL","serviceAccountEmail":"1097214229632-compute@developer.gserviceaccount.com","availableMemory":"256Mi","secretEnvironmentVariables":[{"key":"MAIL_USER","projectId":"tecniapp-ice","secret":"MAIL_USER","version":"3"},{"key":"MAIL_PASS","projectId":"tecniapp-ice","secret":"MAIL_PASS","version":"2"}],"maxInstanceRequestConcurrency":80,"availableCpu":"1"},"labels":{"deployment-tool":"cli-firebase","deployment-callable":"true","firebase-functions-hash":"4d9743265dd83aa7b899901a0fc17df8d2fbf98b"},"environment":"GEN_2"},"stages":[{"name":"BUILD","message":"Reusing build","state":"COMPLETE","resource":"projects/1097214229632/locations/us-central1/builds/7ebdc1ee-6159-460b-bfed-14c2e8aec771"},{"name":"SERVICE","message":"Creating Cloud Run service","state":"IN_PROGRESS","resource":"projects/tecniapp-ice/locations/us-central1/services/sendreport","resourceUri":"https://console.cloud.google.com/run/detail/us-central1/sendreport?project=tecniapp-ice"}],"sourceToken":"Clhwcm9qZWN0cy8xMDk3MjE0MjI5NjMyL2xvY2F0aW9ucy91cy1jZW50cmFsMS9idWlsZHMvN2ViZGMxZWUtNjE1OS00NjBiLWJmZWQtMTRjMmU4YWVjNzcxEnV1cy1jZW50cmFsMS1kb2NrZXIucGtnLmRldi90ZWNuaWFwcC1pY2UvZ2NmLWFydGlmYWN0cy90ZWNuaWFwcC0taWNlX191cy0tY2VudHJhbDFfX3N5bmNfYXZlcmlhc195X25vdGlmaWNhcjp2ZXJzaW9uXzEYgPnBuPcfIktwcm9qZWN0cy90ZWNuaWFwcC1pY2UvbG9jYXRpb25zL3VzLWNlbnRyYWwxL2Z1bmN0aW9ucy9zeW5jQXZlcmlhc1lOb3RpZmljYXIqCwir0fPQBhCowuVAMghub2RlanMyMjp2CiNnY3IuaW8vZ2FlLXJ1bnRpbWVzL25vZGVqczIyOnN0YWJsZRJPdXMtY2VudHJhbDEtZG9ja2VyLnBrZy5kZXYvc2VydmVybGVzcy1ydW50aW1lcy9nb29nbGUtMjItZnVsbC9ydW50aW1lcy9ub2RlanMyMkAB","operationType":"CREATE_FUNCTION","buildName":"projects/1097214229632/locations/us-central1/builds/7ebdc1ee-6159-460b-bfed-14c2e8aec771"},"done":false}
[debug] [2026-06-01T02:04:31.998Z] Got source token Clhwcm9qZWN0cy8xMDk3MjE0MjI5NjMyL2xvY2F0aW9ucy91cy1jZW50cmFsMS9idWlsZHMvN2ViZGMxZWUtNjE1OS00NjBiLWJmZWQtMTRjMmU4YWVjNzcxEnV1cy1jZW50cmFsMS1kb2NrZXIucGtnLmRldi90ZWNuaWFwcC1pY2UvZ2NmLWFydGlmYWN0cy90ZWNuaWFwcC0taWNlX191cy0tY2VudHJhbDFfX3N5bmNfYXZlcmlhc195X25vdGlmaWNhcjp2ZXJzaW9uXzEYgPnBuPcfIktwcm9qZWN0cy90ZWNuaWFwcC1pY2UvbG9jYXRpb25zL3VzLWNlbnRyYWwxL2Z1bmN0aW9ucy9zeW5jQXZlcmlhc1lOb3RpZmljYXIqCwir0fPQBhCowuVAMghub2RlanMyMjp2CiNnY3IuaW8vZ2FlLXJ1bnRpbWVzL25vZGVqczIyOnN0YWJsZRJPdXMtY2VudHJhbDEtZG9ja2VyLnBrZy5kZXYvc2VydmVybGVzcy1ydW50aW1lcy9nb29nbGUtMjItZnVsbC9ydW50aW1lcy9ub2RlanMyMkAB for region us-central1
[debug] [2026-06-01T02:04:32.020Z] [create-default-us-central1-notifyProgramacionAssigned] Retrying task index 0
[debug] [2026-06-01T02:04:32.021Z] Checked if tokens are valid: true, expires at: 1780281501336
[debug] [2026-06-01T02:04:32.021Z] Checked if tokens are valid: true, expires at: 1780281501336
[debug] [2026-06-01T02:04:32.021Z] >>> [apiv2][query] GET https://cloudfunctions.googleapis.com/v2/projects/tecniapp-ice/locations/us-central1/operations/operation-1780279469052-653279d5a9246-89c6bcb1-264564b0 [none]
[debug] [2026-06-01T02:04:32.267Z] <<< [apiv2][status] GET https://cloudfunctions.googleapis.com/v2/projects/tecniapp-ice/locations/us-central1/operations/operation-1780279469052-653279d5a9246-89c6bcb1-264564b0 200
[debug] [2026-06-01T02:04:32.267Z] <<< [apiv2][body] GET https://cloudfunctions.googleapis.com/v2/projects/tecniapp-ice/locations/us-central1/operations/operation-1780279469052-653279d5a9246-89c6bcb1-264564b0 {"name":"projects/tecniapp-ice/locations/us-central1/operations/operation-1780279469052-653279d5a9246-89c6bcb1-264564b0","metadata":{"@type":"type.googleapis.com/google.cloud.functions.v2.OperationMetadata","createTime":"2026-06-01T02:04:29.684330979Z","target":"projects/tecniapp-ice/locations/us-central1/functions/notifyProgramacionAssigned","verb":"create","cancelRequested":false,"apiVersion":"v2","requestResource":{"@type":"type.googleapis.com/google.cloud.functions.v2.Function","name":"projects/tecniapp-ice/locations/us-central1/functions/notifyProgramacionAssigned","buildConfig":{"runtime":"nodejs22","entryPoint":"notifyProgramacionAssigned","source":{"storageSource":{"bucket":"gcf-v2-sources-1097214229632-us-central1","object":"notifyProgramacionAssigned/function-source.zip","generation":"1780279469287728"}},"environmentVariables":{"GOOGLE_NODE_RUN_SCRIPTS":""},"sourceToken":"Clhwcm9qZWN0cy8xMDk3MjE0MjI5NjMyL2xvY2F0aW9ucy91cy1jZW50cmFsMS9idWlsZHMvN2ViZGMxZWUtNjE1OS00NjBiLWJmZWQtMTRjMmU4YWVjNzcxEnV1cy1jZW50cmFsMS1kb2NrZXIucGtnLmRldi90ZWNuaWFwcC1pY2UvZ2NmLWFydGlmYWN0cy90ZWNuaWFwcC0taWNlX191cy0tY2VudHJhbDFfX3N5bmNfYXZlcmlhc195X25vdGlmaWNhcjp2ZXJzaW9uXzEYgPnBuPcfIktwcm9qZWN0cy90ZWNuaWFwcC1pY2UvbG9jYXRpb25zL3VzLWNlbnRyYWwxL2Z1bmN0aW9ucy9zeW5jQXZlcmlhc1lOb3RpZmljYXIqCwir0fPQBhCowuVAMghub2RlanMyMjp2CiNnY3IuaW8vZ2FlLXJ1bnRpbWVzL25vZGVqczIyOnN0YWJsZRJPdXMtY2VudHJhbDEtZG9ja2VyLnBrZy5kZXYvc2VydmVybGVzcy1ydW50aW1lcy9nb29nbGUtMjItZnVsbC9ydW50aW1lcy9ub2RlanMyMkAB","serviceAccount":"projects/tecniapp-ice/serviceAccounts/1097214229632-compute@developer.gserviceaccount.com","automaticUpdatePolicy":{}},"serviceConfig":{"service":"projects/tecniapp-ice/locations/us-central1/services/notifyprogramacionassigned","timeoutSeconds":60,"environmentVariables":{"FIREBASE_CONFIG":"{\"projectId\":\"tecniapp-ice\",\"databaseURL\":\"https://tecniapp-ice-default-rtdb.firebaseio.com\",\"storageBucket\":\"tecniapp-ice.firebasestorage.app\"}","GCLOUD_PROJECT":"tecniapp-ice","EVENTARC_CLOUD_EVENT_SOURCE":"projects/tecniapp-ice/locations/us-central1/services/notifyProgramacionAssigned","FUNCTION_SIGNATURE_TYPE":"cloudevent","FUNCTION_TARGET":"notifyProgramacionAssigned","LOG_EXECUTION_ID":"true"},"ingressSettings":"ALLOW_ALL","serviceAccountEmail":"1097214229632-compute@developer.gserviceaccount.com","availableMemory":"256Mi","maxInstanceRequestConcurrency":80,"availableCpu":"1"},"eventTrigger":{"trigger":"projects/tecniapp-ice/locations/us-central1/triggers/notifyprogramacionassigned-196197","triggerRegion":"us-central1","eventType":"google.firebase.database.ref.v1.created","eventFilters":[{"attribute":"instance","value":"tecniapp-ice-programacion"},{"attribute":"ref","value":"programaciones/{subregion}/{vehiculoId}/{programacionId}","operator":"match-path-pattern"}],"serviceAccountEmail":"1097214229632-compute@developer.gserviceaccount.com","retryPolicy":"RETRY_POLICY_DO_NOT_RETRY"},"labels":{"deployment-tool":"cli-firebase","firebase-functions-hash":"938724c7a4468481da149ff1690fa38e4aa78b2a"},"environment":"GEN_2"},"stages":[{"name":"BUILD","message":"Reusing build","state":"COMPLETE","resource":"projects/1097214229632/locations/us-central1/builds/7ebdc1ee-6159-460b-bfed-14c2e8aec771"},{"name":"SERVICE","message":"Creating Cloud Run service","state":"IN_PROGRESS","resource":"projects/tecniapp-ice/locations/us-central1/services/notifyprogramacionassigned","resourceUri":"https://console.cloud.google.com/run/detail/us-central1/notifyprogramacionassigned?project=tecniapp-ice"},{"name":"TRIGGER","state":"NOT_STARTED"}],"sourceToken":"Clhwcm9qZWN0cy8xMDk3MjE0MjI5NjMyL2xvY2F0aW9ucy91cy1jZW50cmFsMS9idWlsZHMvN2ViZGMxZWUtNjE1OS00NjBiLWJmZWQtMTRjMmU4YWVjNzcxEnV1cy1jZW50cmFsMS1kb2NrZXIucGtnLmRldi90ZWNuaWFwcC1pY2UvZ2NmLWFydGlmYWN0cy90ZWNuaWFwcC0taWNlX191cy0tY2VudHJhbDFfX3N5bmNfYXZlcmlhc195X25vdGlmaWNhcjp2ZXJzaW9uXzEYgPnBuPcfIktwcm9qZWN0cy90ZWNuaWFwcC1pY2UvbG9jYXRpb25zL3VzLWNlbnRyYWwxL2Z1bmN0aW9ucy9zeW5jQXZlcmlhc1lOb3RpZmljYXIqCwir0fPQBhCowuVAMghub2RlanMyMjp2CiNnY3IuaW8vZ2FlLXJ1bnRpbWVzL25vZGVqczIyOnN0YWJsZRJPdXMtY2VudHJhbDEtZG9ja2VyLnBrZy5kZXYvc2VydmVybGVzcy1ydW50aW1lcy9nb29nbGUtMjItZnVsbC9ydW50aW1lcy9ub2RlanMyMkAB","operationType":"CREATE_FUNCTION","buildName":"projects/1097214229632/locations/us-central1/builds/7ebdc1ee-6159-460b-bfed-14c2e8aec771"},"done":false}
[debug] [2026-06-01T02:04:32.267Z] Got source token Clhwcm9qZWN0cy8xMDk3MjE0MjI5NjMyL2xvY2F0aW9ucy91cy1jZW50cmFsMS9idWlsZHMvN2ViZGMxZWUtNjE1OS00NjBiLWJmZWQtMTRjMmU4YWVjNzcxEnV1cy1jZW50cmFsMS1kb2NrZXIucGtnLmRldi90ZWNuaWFwcC1pY2UvZ2NmLWFydGlmYWN0cy90ZWNuaWFwcC0taWNlX191cy0tY2VudHJhbDFfX3N5bmNfYXZlcmlhc195X25vdGlmaWNhcjp2ZXJzaW9uXzEYgPnBuPcfIktwcm9qZWN0cy90ZWNuaWFwcC1pY2UvbG9jYXRpb25zL3VzLWNlbnRyYWwxL2Z1bmN0aW9ucy9zeW5jQXZlcmlhc1lOb3RpZmljYXIqCwir0fPQBhCowuVAMghub2RlanMyMjp2CiNnY3IuaW8vZ2FlLXJ1bnRpbWVzL25vZGVqczIyOnN0YWJsZRJPdXMtY2VudHJhbDEtZG9ja2VyLnBrZy5kZXYvc2VydmVybGVzcy1ydW50aW1lcy9nb29nbGUtMjItZnVsbC9ydW50aW1lcy9ub2RlanMyMkAB for region us-central1
[debug] [2026-06-01T02:04:33.762Z] [create-default-us-central1-sendVerificationCode] Retrying task index 0
[debug] [2026-06-01T02:04:33.763Z] Checked if tokens are valid: true, expires at: 1780281501336
[debug] [2026-06-01T02:04:33.763Z] Checked if tokens are valid: true, expires at: 1780281501336
[debug] [2026-06-01T02:04:33.763Z] >>> [apiv2][query] GET https://cloudfunctions.googleapis.com/v2/projects/tecniapp-ice/locations/us-central1/operations/operation-1780279468834-653279d573e5c-1f492f9d-33ac74ee [none]
[debug] [2026-06-01T02:04:33.889Z] <<< [apiv2][status] GET https://cloudfunctions.googleapis.com/v2/projects/tecniapp-ice/locations/us-central1/operations/operation-1780279468834-653279d573e5c-1f492f9d-33ac74ee 200
[debug] [2026-06-01T02:04:33.890Z] <<< [apiv2][body] GET https://cloudfunctions.googleapis.com/v2/projects/tecniapp-ice/locations/us-central1/operations/operation-1780279468834-653279d573e5c-1f492f9d-33ac74ee {"name":"projects/tecniapp-ice/locations/us-central1/operations/operation-1780279468834-653279d573e5c-1f492f9d-33ac74ee","metadata":{"@type":"type.googleapis.com/google.cloud.functions.v2.OperationMetadata","createTime":"2026-06-01T02:04:29.312835816Z","target":"projects/tecniapp-ice/locations/us-central1/functions/sendVerificationCode","verb":"create","cancelRequested":false,"apiVersion":"v2","requestResource":{"@type":"type.googleapis.com/google.cloud.functions.v2.Function","name":"projects/tecniapp-ice/locations/us-central1/functions/sendVerificationCode","buildConfig":{"runtime":"nodejs22","entryPoint":"sendVerificationCode","source":{"storageSource":{"bucket":"gcf-v2-sources-1097214229632-us-central1","object":"sendVerificationCode/function-source.zip","generation":"1780279469078296"}},"environmentVariables":{"GOOGLE_NODE_RUN_SCRIPTS":""},"sourceToken":"Clhwcm9qZWN0cy8xMDk3MjE0MjI5NjMyL2xvY2F0aW9ucy91cy1jZW50cmFsMS9idWlsZHMvN2ViZGMxZWUtNjE1OS00NjBiLWJmZWQtMTRjMmU4YWVjNzcxEnV1cy1jZW50cmFsMS1kb2NrZXIucGtnLmRldi90ZWNuaWFwcC1pY2UvZ2NmLWFydGlmYWN0cy90ZWNuaWFwcC0taWNlX191cy0tY2VudHJhbDFfX3N5bmNfYXZlcmlhc195X25vdGlmaWNhcjp2ZXJzaW9uXzEYgPnBuPcfIktwcm9qZWN0cy90ZWNuaWFwcC1pY2UvbG9jYXRpb25zL3VzLWNlbnRyYWwxL2Z1bmN0aW9ucy9zeW5jQXZlcmlhc1lOb3RpZmljYXIqCwir0fPQBhCowuVAMghub2RlanMyMjp2CiNnY3IuaW8vZ2FlLXJ1bnRpbWVzL25vZGVqczIyOnN0YWJsZRJPdXMtY2VudHJhbDEtZG9ja2VyLnBrZy5kZXYvc2VydmVybGVzcy1ydW50aW1lcy9nb29nbGUtMjItZnVsbC9ydW50aW1lcy9ub2RlanMyMkAB","serviceAccount":"projects/tecniapp-ice/serviceAccounts/1097214229632-compute@developer.gserviceaccount.com","automaticUpdatePolicy":{}},"serviceConfig":{"service":"projects/tecniapp-ice/locations/us-central1/services/sendverificationcode","timeoutSeconds":60,"environmentVariables":{"FIREBASE_CONFIG":"{\"projectId\":\"tecniapp-ice\",\"databaseURL\":\"https://tecniapp-ice-default-rtdb.firebaseio.com\",\"storageBucket\":\"tecniapp-ice.firebasestorage.app\"}","GCLOUD_PROJECT":"tecniapp-ice","EVENTARC_CLOUD_EVENT_SOURCE":"projects/tecniapp-ice/locations/us-central1/services/sendVerificationCode","FUNCTION_TARGET":"sendVerificationCode","LOG_EXECUTION_ID":"true","FUNCTION_SIGNATURE_TYPE":"http"},"ingressSettings":"ALLOW_ALL","serviceAccountEmail":"1097214229632-compute@developer.gserviceaccount.com","availableMemory":"256Mi","secretEnvironmentVariables":[{"key":"MAIL_USER","projectId":"tecniapp-ice","secret":"MAIL_USER","version":"3"},{"key":"MAIL_PASS","projectId":"tecniapp-ice","secret":"MAIL_PASS","version":"2"}],"maxInstanceRequestConcurrency":80,"availableCpu":"1"},"labels":{"deployment-tool":"cli-firebase","deployment-callable":"true","firebase-functions-hash":"4d9743265dd83aa7b899901a0fc17df8d2fbf98b"},"environment":"GEN_2"},"stages":[{"name":"BUILD","message":"Reusing build","state":"COMPLETE","resource":"projects/1097214229632/locations/us-central1/builds/7ebdc1ee-6159-460b-bfed-14c2e8aec771"},{"name":"SERVICE","message":"Creating Cloud Run service","state":"IN_PROGRESS","resource":"projects/tecniapp-ice/locations/us-central1/services/sendverificationcode","resourceUri":"https://console.cloud.google.com/run/detail/us-central1/sendverificationcode?project=tecniapp-ice"}],"sourceToken":"Clhwcm9qZWN0cy8xMDk3MjE0MjI5NjMyL2xvY2F0aW9ucy91cy1jZW50cmFsMS9idWlsZHMvN2ViZGMxZWUtNjE1OS00NjBiLWJmZWQtMTRjMmU4YWVjNzcxEnV1cy1jZW50cmFsMS1kb2NrZXIucGtnLmRldi90ZWNuaWFwcC1pY2UvZ2NmLWFydGlmYWN0cy90ZWNuaWFwcC0taWNlX191cy0tY2VudHJhbDFfX3N5bmNfYXZlcmlhc195X25vdGlmaWNhcjp2ZXJzaW9uXzEYgPnBuPcfIktwcm9qZWN0cy90ZWNuaWFwcC1pY2UvbG9jYXRpb25zL3VzLWNlbnRyYWwxL2Z1bmN0aW9ucy9zeW5jQXZlcmlhc1lOb3RpZmljYXIqCwir0fPQBhCowuVAMghub2RlanMyMjp2CiNnY3IuaW8vZ2FlLXJ1bnRpbWVzL25vZGVqczIyOnN0YWJsZRJPdXMtY2VudHJhbDEtZG9ja2VyLnBrZy5kZXYvc2VydmVybGVzcy1ydW50aW1lcy9nb29nbGUtMjItZnVsbC9ydW50aW1lcy9ub2RlanMyMkAB","operationType":"CREATE_FUNCTION","buildName":"projects/1097214229632/locations/us-central1/builds/7ebdc1ee-6159-460b-bfed-14c2e8aec771"},"done":false}
[debug] [2026-06-01T02:04:33.890Z] Got source token Clhwcm9qZWN0cy8xMDk3MjE0MjI5NjMyL2xvY2F0aW9ucy91cy1jZW50cmFsMS9idWlsZHMvN2ViZGMxZWUtNjE1OS00NjBiLWJmZWQtMTRjMmU4YWVjNzcxEnV1cy1jZW50cmFsMS1kb2NrZXIucGtnLmRldi90ZWNuaWFwcC1pY2UvZ2NmLWFydGlmYWN0cy90ZWNuaWFwcC0taWNlX191cy0tY2VudHJhbDFfX3N5bmNfYXZlcmlhc195X25vdGlmaWNhcjp2ZXJzaW9uXzEYgPnBuPcfIktwcm9qZWN0cy90ZWNuaWFwcC1pY2UvbG9jYXRpb25zL3VzLWNlbnRyYWwxL2Z1bmN0aW9ucy9zeW5jQXZlcmlhc1lOb3RpZmljYXIqCwir0fPQBhCowuVAMghub2RlanMyMjp2CiNnY3IuaW8vZ2FlLXJ1bnRpbWVzL25vZGVqczIyOnN0YWJsZRJPdXMtY2VudHJhbDEtZG9ja2VyLnBrZy5kZXYvc2VydmVybGVzcy1ydW50aW1lcy9nb29nbGUtMjItZnVsbC9ydW50aW1lcy9ub2RlanMyMkAB for region us-central1
[debug] [2026-06-01T02:04:34.011Z] [create-default-us-central1-sendReport] Retrying task index 0
[debug] [2026-06-01T02:04:34.011Z] Checked if tokens are valid: true, expires at: 1780281501336
[debug] [2026-06-01T02:04:34.012Z] Checked if tokens are valid: true, expires at: 1780281501336
[debug] [2026-06-01T02:04:34.012Z] >>> [apiv2][query] GET https://cloudfunctions.googleapis.com/v2/projects/tecniapp-ice/locations/us-central1/operations/operation-1780279469013-653279d59f929-432403d8-91ffc2e9 [none]
[debug] [2026-06-01T02:04:34.229Z] <<< [apiv2][status] GET https://cloudfunctions.googleapis.com/v2/projects/tecniapp-ice/locations/us-central1/operations/operation-1780279469013-653279d59f929-432403d8-91ffc2e9 200
[debug] [2026-06-01T02:04:34.229Z] <<< [apiv2][body] GET https://cloudfunctions.googleapis.com/v2/projects/tecniapp-ice/locations/us-central1/operations/operation-1780279469013-653279d59f929-432403d8-91ffc2e9 {"name":"projects/tecniapp-ice/locations/us-central1/operations/operation-1780279469013-653279d59f929-432403d8-91ffc2e9","metadata":{"@type":"type.googleapis.com/google.cloud.functions.v2.OperationMetadata","createTime":"2026-06-01T02:04:29.479599258Z","target":"projects/tecniapp-ice/locations/us-central1/functions/sendReport","verb":"create","cancelRequested":false,"apiVersion":"v2","requestResource":{"@type":"type.googleapis.com/google.cloud.functions.v2.Function","name":"projects/tecniapp-ice/locations/us-central1/functions/sendReport","buildConfig":{"runtime":"nodejs22","entryPoint":"sendReport","source":{"storageSource":{"bucket":"gcf-v2-sources-1097214229632-us-central1","object":"sendReport/function-source.zip","generation":"1780279469272368"}},"environmentVariables":{"GOOGLE_NODE_RUN_SCRIPTS":""},"sourceToken":"Clhwcm9qZWN0cy8xMDk3MjE0MjI5NjMyL2xvY2F0aW9ucy91cy1jZW50cmFsMS9idWlsZHMvN2ViZGMxZWUtNjE1OS00NjBiLWJmZWQtMTRjMmU4YWVjNzcxEnV1cy1jZW50cmFsMS1kb2NrZXIucGtnLmRldi90ZWNuaWFwcC1pY2UvZ2NmLWFydGlmYWN0cy90ZWNuaWFwcC0taWNlX191cy0tY2VudHJhbDFfX3N5bmNfYXZlcmlhc195X25vdGlmaWNhcjp2ZXJzaW9uXzEYgPnBuPcfIktwcm9qZWN0cy90ZWNuaWFwcC1pY2UvbG9jYXRpb25zL3VzLWNlbnRyYWwxL2Z1bmN0aW9ucy9zeW5jQXZlcmlhc1lOb3RpZmljYXIqCwir0fPQBhCowuVAMghub2RlanMyMjp2CiNnY3IuaW8vZ2FlLXJ1bnRpbWVzL25vZGVqczIyOnN0YWJsZRJPdXMtY2VudHJhbDEtZG9ja2VyLnBrZy5kZXYvc2VydmVybGVzcy1ydW50aW1lcy9nb29nbGUtMjItZnVsbC9ydW50aW1lcy9ub2RlanMyMkAB","serviceAccount":"projects/tecniapp-ice/serviceAccounts/1097214229632-compute@developer.gserviceaccount.com","automaticUpdatePolicy":{}},"serviceConfig":{"service":"projects/tecniapp-ice/locations/us-central1/services/sendreport","timeoutSeconds":60,"environmentVariables":{"FIREBASE_CONFIG":"{\"projectId\":\"tecniapp-ice\",\"databaseURL\":\"https://tecniapp-ice-default-rtdb.firebaseio.com\",\"storageBucket\":\"tecniapp-ice.firebasestorage.app\"}","GCLOUD_PROJECT":"tecniapp-ice","EVENTARC_CLOUD_EVENT_SOURCE":"projects/tecniapp-ice/locations/us-central1/services/sendReport","FUNCTION_TARGET":"sendReport","LOG_EXECUTION_ID":"true","FUNCTION_SIGNATURE_TYPE":"http"},"ingressSettings":"ALLOW_ALL","serviceAccountEmail":"1097214229632-compute@developer.gserviceaccount.com","availableMemory":"256Mi","secretEnvironmentVariables":[{"key":"MAIL_USER","projectId":"tecniapp-ice","secret":"MAIL_USER","version":"3"},{"key":"MAIL_PASS","projectId":"tecniapp-ice","secret":"MAIL_PASS","version":"2"}],"maxInstanceRequestConcurrency":80,"availableCpu":"1"},"labels":{"deployment-tool":"cli-firebase","deployment-callable":"true","firebase-functions-hash":"4d9743265dd83aa7b899901a0fc17df8d2fbf98b"},"environment":"GEN_2"},"stages":[{"name":"BUILD","message":"Reusing build","state":"COMPLETE","resource":"projects/1097214229632/locations/us-central1/builds/7ebdc1ee-6159-460b-bfed-14c2e8aec771"},{"name":"SERVICE","message":"Creating Cloud Run service","state":"IN_PROGRESS","resource":"projects/tecniapp-ice/locations/us-central1/services/sendreport","resourceUri":"https://console.cloud.google.com/run/detail/us-central1/sendreport?project=tecniapp-ice"}],"sourceToken":"Clhwcm9qZWN0cy8xMDk3MjE0MjI5NjMyL2xvY2F0aW9ucy91cy1jZW50cmFsMS9idWlsZHMvN2ViZGMxZWUtNjE1OS00NjBiLWJmZWQtMTRjMmU4YWVjNzcxEnV1cy1jZW50cmFsMS1kb2NrZXIucGtnLmRldi90ZWNuaWFwcC1pY2UvZ2NmLWFydGlmYWN0cy90ZWNuaWFwcC0taWNlX191cy0tY2VudHJhbDFfX3N5bmNfYXZlcmlhc195X25vdGlmaWNhcjp2ZXJzaW9uXzEYgPnBuPcfIktwcm9qZWN0cy90ZWNuaWFwcC1pY2UvbG9jYXRpb25zL3VzLWNlbnRyYWwxL2Z1bmN0aW9ucy9zeW5jQXZlcmlhc1lOb3RpZmljYXIqCwir0fPQBhCowuVAMghub2RlanMyMjp2CiNnY3IuaW8vZ2FlLXJ1bnRpbWVzL25vZGVqczIyOnN0YWJsZRJPdXMtY2VudHJhbDEtZG9ja2VyLnBrZy5kZXYvc2VydmVybGVzcy1ydW50aW1lcy9nb29nbGUtMjItZnVsbC9ydW50aW1lcy9ub2RlanMyMkAB","operationType":"CREATE_FUNCTION","buildName":"projects/1097214229632/locations/us-central1/builds/7ebdc1ee-6159-460b-bfed-14c2e8aec771"},"done":false}
[debug] [2026-06-01T02:04:34.229Z] Got source token Clhwcm9qZWN0cy8xMDk3MjE0MjI5NjMyL2xvY2F0aW9ucy91cy1jZW50cmFsMS9idWlsZHMvN2ViZGMxZWUtNjE1OS00NjBiLWJmZWQtMTRjMmU4YWVjNzcxEnV1cy1jZW50cmFsMS1kb2NrZXIucGtnLmRldi90ZWNuaWFwcC1pY2UvZ2NmLWFydGlmYWN0cy90ZWNuaWFwcC0taWNlX191cy0tY2VudHJhbDFfX3N5bmNfYXZlcmlhc195X25vdGlmaWNhcjp2ZXJzaW9uXzEYgPnBuPcfIktwcm9qZWN0cy90ZWNuaWFwcC1pY2UvbG9jYXRpb25zL3VzLWNlbnRyYWwxL2Z1bmN0aW9ucy9zeW5jQXZlcmlhc1lOb3RpZmljYXIqCwir0fPQBhCowuVAMghub2RlanMyMjp2CiNnY3IuaW8vZ2FlLXJ1bnRpbWVzL25vZGVqczIyOnN0YWJsZRJPdXMtY2VudHJhbDEtZG9ja2VyLnBrZy5kZXYvc2VydmVybGVzcy1ydW50aW1lcy9nb29nbGUtMjItZnVsbC9ydW50aW1lcy9ub2RlanMyMkAB for region us-central1
[debug] [2026-06-01T02:04:34.275Z] [create-default-us-central1-notifyProgramacionAssigned] Retrying task index 0
[debug] [2026-06-01T02:04:34.275Z] Checked if tokens are valid: true, expires at: 1780281501336
[debug] [2026-06-01T02:04:34.276Z] Checked if tokens are valid: true, expires at: 1780281501336
[debug] [2026-06-01T02:04:34.276Z] >>> [apiv2][query] GET https://cloudfunctions.googleapis.com/v2/projects/tecniapp-ice/locations/us-central1/operations/operation-1780279469052-653279d5a9246-89c6bcb1-264564b0 [none]
[debug] [2026-06-01T02:04:34.516Z] <<< [apiv2][status] GET https://cloudfunctions.googleapis.com/v2/projects/tecniapp-ice/locations/us-central1/operations/operation-1780279469052-653279d5a9246-89c6bcb1-264564b0 200
[debug] [2026-06-01T02:04:34.516Z] <<< [apiv2][body] GET https://cloudfunctions.googleapis.com/v2/projects/tecniapp-ice/locations/us-central1/operations/operation-1780279469052-653279d5a9246-89c6bcb1-264564b0 {"name":"projects/tecniapp-ice/locations/us-central1/operations/operation-1780279469052-653279d5a9246-89c6bcb1-264564b0","metadata":{"@type":"type.googleapis.com/google.cloud.functions.v2.OperationMetadata","createTime":"2026-06-01T02:04:29.684330979Z","target":"projects/tecniapp-ice/locations/us-central1/functions/notifyProgramacionAssigned","verb":"create","cancelRequested":false,"apiVersion":"v2","requestResource":{"@type":"type.googleapis.com/google.cloud.functions.v2.Function","name":"projects/tecniapp-ice/locations/us-central1/functions/notifyProgramacionAssigned","buildConfig":{"runtime":"nodejs22","entryPoint":"notifyProgramacionAssigned","source":{"storageSource":{"bucket":"gcf-v2-sources-1097214229632-us-central1","object":"notifyProgramacionAssigned/function-source.zip","generation":"1780279469287728"}},"environmentVariables":{"GOOGLE_NODE_RUN_SCRIPTS":""},"sourceToken":"Clhwcm9qZWN0cy8xMDk3MjE0MjI5NjMyL2xvY2F0aW9ucy91cy1jZW50cmFsMS9idWlsZHMvN2ViZGMxZWUtNjE1OS00NjBiLWJmZWQtMTRjMmU4YWVjNzcxEnV1cy1jZW50cmFsMS1kb2NrZXIucGtnLmRldi90ZWNuaWFwcC1pY2UvZ2NmLWFydGlmYWN0cy90ZWNuaWFwcC0taWNlX191cy0tY2VudHJhbDFfX3N5bmNfYXZlcmlhc195X25vdGlmaWNhcjp2ZXJzaW9uXzEYgPnBuPcfIktwcm9qZWN0cy90ZWNuaWFwcC1pY2UvbG9jYXRpb25zL3VzLWNlbnRyYWwxL2Z1bmN0aW9ucy9zeW5jQXZlcmlhc1lOb3RpZmljYXIqCwir0fPQBhCowuVAMghub2RlanMyMjp2CiNnY3IuaW8vZ2FlLXJ1bnRpbWVzL25vZGVqczIyOnN0YWJsZRJPdXMtY2VudHJhbDEtZG9ja2VyLnBrZy5kZXYvc2VydmVybGVzcy1ydW50aW1lcy9nb29nbGUtMjItZnVsbC9ydW50aW1lcy9ub2RlanMyMkAB","serviceAccount":"projects/tecniapp-ice/serviceAccounts/1097214229632-compute@developer.gserviceaccount.com","automaticUpdatePolicy":{}},"serviceConfig":{"service":"projects/tecniapp-ice/locations/us-central1/services/notifyprogramacionassigned","timeoutSeconds":60,"environmentVariables":{"FIREBASE_CONFIG":"{\"projectId\":\"tecniapp-ice\",\"databaseURL\":\"https://tecniapp-ice-default-rtdb.firebaseio.com\",\"storageBucket\":\"tecniapp-ice.firebasestorage.app\"}","GCLOUD_PROJECT":"tecniapp-ice","EVENTARC_CLOUD_EVENT_SOURCE":"projects/tecniapp-ice/locations/us-central1/services/notifyProgramacionAssigned","FUNCTION_SIGNATURE_TYPE":"cloudevent","FUNCTION_TARGET":"notifyProgramacionAssigned","LOG_EXECUTION_ID":"true"},"ingressSettings":"ALLOW_ALL","serviceAccountEmail":"1097214229632-compute@developer.gserviceaccount.com","availableMemory":"256Mi","maxInstanceRequestConcurrency":80,"availableCpu":"1"},"eventTrigger":{"trigger":"projects/tecniapp-ice/locations/us-central1/triggers/notifyprogramacionassigned-196197","triggerRegion":"us-central1","eventType":"google.firebase.database.ref.v1.created","eventFilters":[{"attribute":"instance","value":"tecniapp-ice-programacion"},{"attribute":"ref","value":"programaciones/{subregion}/{vehiculoId}/{programacionId}","operator":"match-path-pattern"}],"serviceAccountEmail":"1097214229632-compute@developer.gserviceaccount.com","retryPolicy":"RETRY_POLICY_DO_NOT_RETRY"},"labels":{"deployment-tool":"cli-firebase","firebase-functions-hash":"938724c7a4468481da149ff1690fa38e4aa78b2a"},"environment":"GEN_2"},"stages":[{"name":"BUILD","message":"Reusing build","state":"COMPLETE","resource":"projects/1097214229632/locations/us-central1/builds/7ebdc1ee-6159-460b-bfed-14c2e8aec771"},{"name":"SERVICE","message":"Creating Cloud Run service","state":"IN_PROGRESS","resource":"projects/tecniapp-ice/locations/us-central1/services/notifyprogramacionassigned","resourceUri":"https://console.cloud.google.com/run/detail/us-central1/notifyprogramacionassigned?project=tecniapp-ice"},{"name":"TRIGGER","state":"NOT_STARTED"}],"sourceToken":"Clhwcm9qZWN0cy8xMDk3MjE0MjI5NjMyL2xvY2F0aW9ucy91cy1jZW50cmFsMS9idWlsZHMvN2ViZGMxZWUtNjE1OS00NjBiLWJmZWQtMTRjMmU4YWVjNzcxEnV1cy1jZW50cmFsMS1kb2NrZXIucGtnLmRldi90ZWNuaWFwcC1pY2UvZ2NmLWFydGlmYWN0cy90ZWNuaWFwcC0taWNlX191cy0tY2VudHJhbDFfX3N5bmNfYXZlcmlhc195X25vdGlmaWNhcjp2ZXJzaW9uXzEYgPnBuPcfIktwcm9qZWN0cy90ZWNuaWFwcC1pY2UvbG9jYXRpb25zL3VzLWNlbnRyYWwxL2Z1bmN0aW9ucy9zeW5jQXZlcmlhc1lOb3RpZmljYXIqCwir0fPQBhCowuVAMghub2RlanMyMjp2CiNnY3IuaW8vZ2FlLXJ1bnRpbWVzL25vZGVqczIyOnN0YWJsZRJPdXMtY2VudHJhbDEtZG9ja2VyLnBrZy5kZXYvc2VydmVybGVzcy1ydW50aW1lcy9nb29nbGUtMjItZnVsbC9ydW50aW1lcy9ub2RlanMyMkAB","operationType":"CREATE_FUNCTION","buildName":"projects/1097214229632/locations/us-central1/builds/7ebdc1ee-6159-460b-bfed-14c2e8aec771"},"done":false}
[debug] [2026-06-01T02:04:34.516Z] Got source token Clhwcm9qZWN0cy8xMDk3MjE0MjI5NjMyL2xvY2F0aW9ucy91cy1jZW50cmFsMS9idWlsZHMvN2ViZGMxZWUtNjE1OS00NjBiLWJmZWQtMTRjMmU4YWVjNzcxEnV1cy1jZW50cmFsMS1kb2NrZXIucGtnLmRldi90ZWNuaWFwcC1pY2UvZ2NmLWFydGlmYWN0cy90ZWNuaWFwcC0taWNlX191cy0tY2VudHJhbDFfX3N5bmNfYXZlcmlhc195X25vdGlmaWNhcjp2ZXJzaW9uXzEYgPnBuPcfIktwcm9qZWN0cy90ZWNuaWFwcC1pY2UvbG9jYXRpb25zL3VzLWNlbnRyYWwxL2Z1bmN0aW9ucy9zeW5jQXZlcmlhc1lOb3RpZmljYXIqCwir0fPQBhCowuVAMghub2RlanMyMjp2CiNnY3IuaW8vZ2FlLXJ1bnRpbWVzL25vZGVqczIyOnN0YWJsZRJPdXMtY2VudHJhbDEtZG9ja2VyLnBrZy5kZXYvc2VydmVybGVzcy1ydW50aW1lcy9nb29nbGUtMjItZnVsbC9ydW50aW1lcy9ub2RlanMyMkAB for region us-central1
[debug] [2026-06-01T02:04:37.901Z] [create-default-us-central1-sendVerificationCode] Retrying task index 0
[debug] [2026-06-01T02:04:37.901Z] Checked if tokens are valid: true, expires at: 1780281501336
[debug] [2026-06-01T02:04:37.901Z] Checked if tokens are valid: true, expires at: 1780281501336
[debug] [2026-06-01T02:04:37.901Z] >>> [apiv2][query] GET https://cloudfunctions.googleapis.com/v2/projects/tecniapp-ice/locations/us-central1/operations/operation-1780279468834-653279d573e5c-1f492f9d-33ac74ee [none]
[debug] [2026-06-01T02:04:38.155Z] <<< [apiv2][status] GET https://cloudfunctions.googleapis.com/v2/projects/tecniapp-ice/locations/us-central1/operations/operation-1780279468834-653279d573e5c-1f492f9d-33ac74ee 200
[debug] [2026-06-01T02:04:38.155Z] <<< [apiv2][body] GET https://cloudfunctions.googleapis.com/v2/projects/tecniapp-ice/locations/us-central1/operations/operation-1780279468834-653279d573e5c-1f492f9d-33ac74ee {"name":"projects/tecniapp-ice/locations/us-central1/operations/operation-1780279468834-653279d573e5c-1f492f9d-33ac74ee","metadata":{"@type":"type.googleapis.com/google.cloud.functions.v2.OperationMetadata","createTime":"2026-06-01T02:04:29.312835816Z","target":"projects/tecniapp-ice/locations/us-central1/functions/sendVerificationCode","verb":"create","cancelRequested":false,"apiVersion":"v2","requestResource":{"@type":"type.googleapis.com/google.cloud.functions.v2.Function","name":"projects/tecniapp-ice/locations/us-central1/functions/sendVerificationCode","buildConfig":{"runtime":"nodejs22","entryPoint":"sendVerificationCode","source":{"storageSource":{"bucket":"gcf-v2-sources-1097214229632-us-central1","object":"sendVerificationCode/function-source.zip","generation":"1780279469078296"}},"environmentVariables":{"GOOGLE_NODE_RUN_SCRIPTS":""},"sourceToken":"Clhwcm9qZWN0cy8xMDk3MjE0MjI5NjMyL2xvY2F0aW9ucy91cy1jZW50cmFsMS9idWlsZHMvN2ViZGMxZWUtNjE1OS00NjBiLWJmZWQtMTRjMmU4YWVjNzcxEnV1cy1jZW50cmFsMS1kb2NrZXIucGtnLmRldi90ZWNuaWFwcC1pY2UvZ2NmLWFydGlmYWN0cy90ZWNuaWFwcC0taWNlX191cy0tY2VudHJhbDFfX3N5bmNfYXZlcmlhc195X25vdGlmaWNhcjp2ZXJzaW9uXzEYgPnBuPcfIktwcm9qZWN0cy90ZWNuaWFwcC1pY2UvbG9jYXRpb25zL3VzLWNlbnRyYWwxL2Z1bmN0aW9ucy9zeW5jQXZlcmlhc1lOb3RpZmljYXIqCwir0fPQBhCowuVAMghub2RlanMyMjp2CiNnY3IuaW8vZ2FlLXJ1bnRpbWVzL25vZGVqczIyOnN0YWJsZRJPdXMtY2VudHJhbDEtZG9ja2VyLnBrZy5kZXYvc2VydmVybGVzcy1ydW50aW1lcy9nb29nbGUtMjItZnVsbC9ydW50aW1lcy9ub2RlanMyMkAB","serviceAccount":"projects/tecniapp-ice/serviceAccounts/1097214229632-compute@developer.gserviceaccount.com","automaticUpdatePolicy":{}},"serviceConfig":{"service":"projects/tecniapp-ice/locations/us-central1/services/sendverificationcode","timeoutSeconds":60,"environmentVariables":{"FIREBASE_CONFIG":"{\"projectId\":\"tecniapp-ice\",\"databaseURL\":\"https://tecniapp-ice-default-rtdb.firebaseio.com\",\"storageBucket\":\"tecniapp-ice.firebasestorage.app\"}","GCLOUD_PROJECT":"tecniapp-ice","EVENTARC_CLOUD_EVENT_SOURCE":"projects/tecniapp-ice/locations/us-central1/services/sendVerificationCode","FUNCTION_TARGET":"sendVerificationCode","LOG_EXECUTION_ID":"true","FUNCTION_SIGNATURE_TYPE":"http"},"ingressSettings":"ALLOW_ALL","serviceAccountEmail":"1097214229632-compute@developer.gserviceaccount.com","availableMemory":"256Mi","secretEnvironmentVariables":[{"key":"MAIL_USER","projectId":"tecniapp-ice","secret":"MAIL_USER","version":"3"},{"key":"MAIL_PASS","projectId":"tecniapp-ice","secret":"MAIL_PASS","version":"2"}],"maxInstanceRequestConcurrency":80,"availableCpu":"1"},"labels":{"deployment-tool":"cli-firebase","deployment-callable":"true","firebase-functions-hash":"4d9743265dd83aa7b899901a0fc17df8d2fbf98b"},"environment":"GEN_2"},"stages":[{"name":"BUILD","message":"Reusing build","state":"COMPLETE","resource":"projects/1097214229632/locations/us-central1/builds/7ebdc1ee-6159-460b-bfed-14c2e8aec771"},{"name":"SERVICE","message":"Creating Cloud Run service","state":"IN_PROGRESS","resource":"projects/tecniapp-ice/locations/us-central1/services/sendverificationcode","resourceUri":"https://console.cloud.google.com/run/detail/us-central1/sendverificationcode?project=tecniapp-ice"}],"sourceToken":"Clhwcm9qZWN0cy8xMDk3MjE0MjI5NjMyL2xvY2F0aW9ucy91cy1jZW50cmFsMS9idWlsZHMvN2ViZGMxZWUtNjE1OS00NjBiLWJmZWQtMTRjMmU4YWVjNzcxEnV1cy1jZW50cmFsMS1kb2NrZXIucGtnLmRldi90ZWNuaWFwcC1pY2UvZ2NmLWFydGlmYWN0cy90ZWNuaWFwcC0taWNlX191cy0tY2VudHJhbDFfX3N5bmNfYXZlcmlhc195X25vdGlmaWNhcjp2ZXJzaW9uXzEYgPnBuPcfIktwcm9qZWN0cy90ZWNuaWFwcC1pY2UvbG9jYXRpb25zL3VzLWNlbnRyYWwxL2Z1bmN0aW9ucy9zeW5jQXZlcmlhc1lOb3RpZmljYXIqCwir0fPQBhCowuVAMghub2RlanMyMjp2CiNnY3IuaW8vZ2FlLXJ1bnRpbWVzL25vZGVqczIyOnN0YWJsZRJPdXMtY2VudHJhbDEtZG9ja2VyLnBrZy5kZXYvc2VydmVybGVzcy1ydW50aW1lcy9nb29nbGUtMjItZnVsbC9ydW50aW1lcy9ub2RlanMyMkAB","operationType":"CREATE_FUNCTION","buildName":"projects/1097214229632/locations/us-central1/builds/7ebdc1ee-6159-460b-bfed-14c2e8aec771"},"done":false}
[debug] [2026-06-01T02:04:38.155Z] Got source token Clhwcm9qZWN0cy8xMDk3MjE0MjI5NjMyL2xvY2F0aW9ucy91cy1jZW50cmFsMS9idWlsZHMvN2ViZGMxZWUtNjE1OS00NjBiLWJmZWQtMTRjMmU4YWVjNzcxEnV1cy1jZW50cmFsMS1kb2NrZXIucGtnLmRldi90ZWNuaWFwcC1pY2UvZ2NmLWFydGlmYWN0cy90ZWNuaWFwcC0taWNlX191cy0tY2VudHJhbDFfX3N5bmNfYXZlcmlhc195X25vdGlmaWNhcjp2ZXJzaW9uXzEYgPnBuPcfIktwcm9qZWN0cy90ZWNuaWFwcC1pY2UvbG9jYXRpb25zL3VzLWNlbnRyYWwxL2Z1bmN0aW9ucy9zeW5jQXZlcmlhc1lOb3RpZmljYXIqCwir0fPQBhCowuVAMghub2RlanMyMjp2CiNnY3IuaW8vZ2FlLXJ1bnRpbWVzL25vZGVqczIyOnN0YWJsZRJPdXMtY2VudHJhbDEtZG9ja2VyLnBrZy5kZXYvc2VydmVybGVzcy1ydW50aW1lcy9nb29nbGUtMjItZnVsbC9ydW50aW1lcy9ub2RlanMyMkAB for region us-central1
[debug] [2026-06-01T02:04:38.243Z] [create-default-us-central1-sendReport] Retrying task index 0
[debug] [2026-06-01T02:04:38.243Z] Checked if tokens are valid: true, expires at: 1780281501336
[debug] [2026-06-01T02:04:38.243Z] Checked if tokens are valid: true, expires at: 1780281501336
[debug] [2026-06-01T02:04:38.243Z] >>> [apiv2][query] GET https://cloudfunctions.googleapis.com/v2/projects/tecniapp-ice/locations/us-central1/operations/operation-1780279469013-653279d59f929-432403d8-91ffc2e9 [none]
[debug] [2026-06-01T02:04:38.361Z] <<< [apiv2][status] GET https://cloudfunctions.googleapis.com/v2/projects/tecniapp-ice/locations/us-central1/operations/operation-1780279469013-653279d59f929-432403d8-91ffc2e9 200
[debug] [2026-06-01T02:04:38.361Z] <<< [apiv2][body] GET https://cloudfunctions.googleapis.com/v2/projects/tecniapp-ice/locations/us-central1/operations/operation-1780279469013-653279d59f929-432403d8-91ffc2e9 {"name":"projects/tecniapp-ice/locations/us-central1/operations/operation-1780279469013-653279d59f929-432403d8-91ffc2e9","metadata":{"@type":"type.googleapis.com/google.cloud.functions.v2.OperationMetadata","createTime":"2026-06-01T02:04:29.479599258Z","endTime":"2026-06-01T02:04:36.633641141Z","target":"projects/tecniapp-ice/locations/us-central1/functions/sendReport","verb":"create","cancelRequested":false,"apiVersion":"v2","requestResource":{"@type":"type.googleapis.com/google.cloud.functions.v2.Function","name":"projects/tecniapp-ice/locations/us-central1/functions/sendReport","buildConfig":{"runtime":"nodejs22","entryPoint":"sendReport","source":{"storageSource":{"bucket":"gcf-v2-sources-1097214229632-us-central1","object":"sendReport/function-source.zip","generation":"1780279469272368"}},"environmentVariables":{"GOOGLE_NODE_RUN_SCRIPTS":""},"sourceToken":"Clhwcm9qZWN0cy8xMDk3MjE0MjI5NjMyL2xvY2F0aW9ucy91cy1jZW50cmFsMS9idWlsZHMvN2ViZGMxZWUtNjE1OS00NjBiLWJmZWQtMTRjMmU4YWVjNzcxEnV1cy1jZW50cmFsMS1kb2NrZXIucGtnLmRldi90ZWNuaWFwcC1pY2UvZ2NmLWFydGlmYWN0cy90ZWNuaWFwcC0taWNlX191cy0tY2VudHJhbDFfX3N5bmNfYXZlcmlhc195X25vdGlmaWNhcjp2ZXJzaW9uXzEYgPnBuPcfIktwcm9qZWN0cy90ZWNuaWFwcC1pY2UvbG9jYXRpb25zL3VzLWNlbnRyYWwxL2Z1bmN0aW9ucy9zeW5jQXZlcmlhc1lOb3RpZmljYXIqCwir0fPQBhCowuVAMghub2RlanMyMjp2CiNnY3IuaW8vZ2FlLXJ1bnRpbWVzL25vZGVqczIyOnN0YWJsZRJPdXMtY2VudHJhbDEtZG9ja2VyLnBrZy5kZXYvc2VydmVybGVzcy1ydW50aW1lcy9nb29nbGUtMjItZnVsbC9ydW50aW1lcy9ub2RlanMyMkAB","serviceAccount":"projects/tecniapp-ice/serviceAccounts/1097214229632-compute@developer.gserviceaccount.com","automaticUpdatePolicy":{}},"serviceConfig":{"service":"projects/tecniapp-ice/locations/us-central1/services/sendreport","timeoutSeconds":60,"environmentVariables":{"FIREBASE_CONFIG":"{\"projectId\":\"tecniapp-ice\",\"databaseURL\":\"https://tecniapp-ice-default-rtdb.firebaseio.com\",\"storageBucket\":\"tecniapp-ice.firebasestorage.app\"}","GCLOUD_PROJECT":"tecniapp-ice","EVENTARC_CLOUD_EVENT_SOURCE":"projects/tecniapp-ice/locations/us-central1/services/sendReport","FUNCTION_TARGET":"sendReport","LOG_EXECUTION_ID":"true","FUNCTION_SIGNATURE_TYPE":"http"},"ingressSettings":"ALLOW_ALL","serviceAccountEmail":"1097214229632-compute@developer.gserviceaccount.com","availableMemory":"256Mi","secretEnvironmentVariables":[{"key":"MAIL_USER","projectId":"tecniapp-ice","secret":"MAIL_USER","version":"3"},{"key":"MAIL_PASS","projectId":"tecniapp-ice","secret":"MAIL_PASS","version":"2"}],"maxInstanceRequestConcurrency":80,"availableCpu":"1"},"labels":{"deployment-tool":"cli-firebase","deployment-callable":"true","firebase-functions-hash":"4d9743265dd83aa7b899901a0fc17df8d2fbf98b"},"environment":"GEN_2"},"stages":[{"name":"BUILD","message":"Reusing build","state":"COMPLETE","resource":"projects/1097214229632/locations/us-central1/builds/7ebdc1ee-6159-460b-bfed-14c2e8aec771"},{"name":"SERVICE","message":"Creating Cloud Run service","state":"COMPLETE","resource":"projects/tecniapp-ice/locations/us-central1/services/sendreport","resourceUri":"https://console.cloud.google.com/run/detail/us-central1/sendreport?project=tecniapp-ice"}],"sourceToken":"Clhwcm9qZWN0cy8xMDk3MjE0MjI5NjMyL2xvY2F0aW9ucy91cy1jZW50cmFsMS9idWlsZHMvN2ViZGMxZWUtNjE1OS00NjBiLWJmZWQtMTRjMmU4YWVjNzcxEnV1cy1jZW50cmFsMS1kb2NrZXIucGtnLmRldi90ZWNuaWFwcC1pY2UvZ2NmLWFydGlmYWN0cy90ZWNuaWFwcC0taWNlX191cy0tY2VudHJhbDFfX3N5bmNfYXZlcmlhc195X25vdGlmaWNhcjp2ZXJzaW9uXzEYgPnBuPcfIktwcm9qZWN0cy90ZWNuaWFwcC1pY2UvbG9jYXRpb25zL3VzLWNlbnRyYWwxL2Z1bmN0aW9ucy9zeW5jQXZlcmlhc1lOb3RpZmljYXIqCwir0fPQBhCowuVAMghub2RlanMyMjp2CiNnY3IuaW8vZ2FlLXJ1bnRpbWVzL25vZGVqczIyOnN0YWJsZRJPdXMtY2VudHJhbDEtZG9ja2VyLnBrZy5kZXYvc2VydmVybGVzcy1ydW50aW1lcy9nb29nbGUtMjItZnVsbC9ydW50aW1lcy9ub2RlanMyMkAB","operationType":"CREATE_FUNCTION","buildName":"projects/1097214229632/locations/us-central1/builds/7ebdc1ee-6159-460b-bfed-14c2e8aec771"},"done":true,"response":{"@type":"type.googleapis.com/google.cloud.functions.v2.Function","name":"projects/tecniapp-ice/locations/us-central1/functions/sendReport","buildConfig":{"build":"projects/1097214229632/locations/us-central1/builds/7ebdc1ee-6159-460b-bfed-14c2e8aec771","runtime":"nodejs22","entryPoint":"sendReport","source":{"storageSource":{"bucket":"gcf-v2-sources-1097214229632-us-central1","object":"sendReport/function-source.zip","generation":"1780279469272368"}},"environmentVariables":{"GOOGLE_NODE_RUN_SCRIPTS":""},"dockerRepository":"projects/tecniapp-ice/locations/us-central1/repositories/gcf-artifacts","sourceProvenance":{"resolvedStorageSource":{"bucket":"gcf-v2-sources-1097214229632-us-central1","object":"sendReport/function-source.zip","generation":"1780279469272368"}},"dockerRegistry":"ARTIFACT_REGISTRY","serviceAccount":"projects/tecniapp-ice/serviceAccounts/1097214229632-compute@developer.gserviceaccount.com","automaticUpdatePolicy":{}},"serviceConfig":{"service":"projects/tecniapp-ice/locations/us-central1/services/sendreport","timeoutSeconds":60,"environmentVariables":{"FIREBASE_CONFIG":"{\"projectId\":\"tecniapp-ice\",\"databaseURL\":\"https://tecniapp-ice-default-rtdb.firebaseio.com\",\"storageBucket\":\"tecniapp-ice.firebasestorage.app\"}","GCLOUD_PROJECT":"tecniapp-ice","EVENTARC_CLOUD_EVENT_SOURCE":"projects/tecniapp-ice/locations/us-central1/services/sendReport","FUNCTION_TARGET":"sendReport","LOG_EXECUTION_ID":"true","FUNCTION_SIGNATURE_TYPE":"http"},"ingressSettings":"ALLOW_ALL","uri":"https://sendreport-y7pai55mra-uc.a.run.app","serviceAccountEmail":"1097214229632-compute@developer.gserviceaccount.com","availableMemory":"256Mi","allTrafficOnLatestRevision":true,"secretEnvironmentVariables":[{"key":"MAIL_USER","projectId":"tecniapp-ice","secret":"MAIL_USER","version":"3"},{"key":"MAIL_PASS","projectId":"tecniapp-ice","secret":"MAIL_PASS","version":"2"}],"revision":"sendreport-00001-qeg","maxInstanceRequestConcurrency":80,"availableCpu":"1"},"state":"ACTIVE","updateTime":"2026-06-01T02:04:29.473828729Z","labels":{"deployment-tool":"cli-firebase","deployment-callable":"true","firebase-functions-hash":"4d9743265dd83aa7b899901a0fc17df8d2fbf98b"},"environment":"GEN_2","url":"https://us-central1-tecniapp-ice.cloudfunctions.net/sendReport","createTime":"2026-06-01T02:04:29.473828729Z","satisfiesPzi":true}}
[debug] [2026-06-01T02:04:38.361Z] Got source token Clhwcm9qZWN0cy8xMDk3MjE0MjI5NjMyL2xvY2F0aW9ucy91cy1jZW50cmFsMS9idWlsZHMvN2ViZGMxZWUtNjE1OS00NjBiLWJmZWQtMTRjMmU4YWVjNzcxEnV1cy1jZW50cmFsMS1kb2NrZXIucGtnLmRldi90ZWNuaWFwcC1pY2UvZ2NmLWFydGlmYWN0cy90ZWNuaWFwcC0taWNlX191cy0tY2VudHJhbDFfX3N5bmNfYXZlcmlhc195X25vdGlmaWNhcjp2ZXJzaW9uXzEYgPnBuPcfIktwcm9qZWN0cy90ZWNuaWFwcC1pY2UvbG9jYXRpb25zL3VzLWNlbnRyYWwxL2Z1bmN0aW9ucy9zeW5jQXZlcmlhc1lOb3RpZmljYXIqCwir0fPQBhCowuVAMghub2RlanMyMjp2CiNnY3IuaW8vZ2FlLXJ1bnRpbWVzL25vZGVqczIyOnN0YWJsZRJPdXMtY2VudHJhbDEtZG9ja2VyLnBrZy5kZXYvc2VydmVybGVzcy1ydW50aW1lcy9nb29nbGUtMjItZnVsbC9ydW50aW1lcy9ub2RlanMyMkAB for region us-central1
[debug] [2026-06-01T02:04:38.362Z] Checked if tokens are valid: true, expires at: 1780281501336
[debug] [2026-06-01T02:04:38.362Z] Checked if tokens are valid: true, expires at: 1780281501336
[debug] [2026-06-01T02:04:38.362Z] >>> [apiv2][query] POST https://run.googleapis.com/v1/projects/tecniapp-ice/locations/us-central1/services/sendreport:setIamPolicy [none]
[debug] [2026-06-01T02:04:38.362Z] >>> [apiv2][body] POST https://run.googleapis.com/v1/projects/tecniapp-ice/locations/us-central1/services/sendreport:setIamPolicy {"policy":{"bindings":[{"role":"roles/run.invoker","members":["allUsers"]}],"etag":"","version":3},"updateMask":"bindings,etag,version"}
[debug] [2026-06-01T02:04:38.520Z] [create-default-us-central1-notifyProgramacionAssigned] Retrying task index 0
[debug] [2026-06-01T02:04:38.521Z] Checked if tokens are valid: true, expires at: 1780281501336
[debug] [2026-06-01T02:04:38.521Z] Checked if tokens are valid: true, expires at: 1780281501336
[debug] [2026-06-01T02:04:38.521Z] >>> [apiv2][query] GET https://cloudfunctions.googleapis.com/v2/projects/tecniapp-ice/locations/us-central1/operations/operation-1780279469052-653279d5a9246-89c6bcb1-264564b0 [none]
[debug] [2026-06-01T02:04:38.750Z] <<< [apiv2][status] GET https://cloudfunctions.googleapis.com/v2/projects/tecniapp-ice/locations/us-central1/operations/operation-1780279469052-653279d5a9246-89c6bcb1-264564b0 200
[debug] [2026-06-01T02:04:38.750Z] <<< [apiv2][body] GET https://cloudfunctions.googleapis.com/v2/projects/tecniapp-ice/locations/us-central1/operations/operation-1780279469052-653279d5a9246-89c6bcb1-264564b0 {"name":"projects/tecniapp-ice/locations/us-central1/operations/operation-1780279469052-653279d5a9246-89c6bcb1-264564b0","metadata":{"@type":"type.googleapis.com/google.cloud.functions.v2.OperationMetadata","createTime":"2026-06-01T02:04:29.684330979Z","target":"projects/tecniapp-ice/locations/us-central1/functions/notifyProgramacionAssigned","verb":"create","cancelRequested":false,"apiVersion":"v2","requestResource":{"@type":"type.googleapis.com/google.cloud.functions.v2.Function","name":"projects/tecniapp-ice/locations/us-central1/functions/notifyProgramacionAssigned","buildConfig":{"runtime":"nodejs22","entryPoint":"notifyProgramacionAssigned","source":{"storageSource":{"bucket":"gcf-v2-sources-1097214229632-us-central1","object":"notifyProgramacionAssigned/function-source.zip","generation":"1780279469287728"}},"environmentVariables":{"GOOGLE_NODE_RUN_SCRIPTS":""},"sourceToken":"Clhwcm9qZWN0cy8xMDk3MjE0MjI5NjMyL2xvY2F0aW9ucy91cy1jZW50cmFsMS9idWlsZHMvN2ViZGMxZWUtNjE1OS00NjBiLWJmZWQtMTRjMmU4YWVjNzcxEnV1cy1jZW50cmFsMS1kb2NrZXIucGtnLmRldi90ZWNuaWFwcC1pY2UvZ2NmLWFydGlmYWN0cy90ZWNuaWFwcC0taWNlX191cy0tY2VudHJhbDFfX3N5bmNfYXZlcmlhc195X25vdGlmaWNhcjp2ZXJzaW9uXzEYgPnBuPcfIktwcm9qZWN0cy90ZWNuaWFwcC1pY2UvbG9jYXRpb25zL3VzLWNlbnRyYWwxL2Z1bmN0aW9ucy9zeW5jQXZlcmlhc1lOb3RpZmljYXIqCwir0fPQBhCowuVAMghub2RlanMyMjp2CiNnY3IuaW8vZ2FlLXJ1bnRpbWVzL25vZGVqczIyOnN0YWJsZRJPdXMtY2VudHJhbDEtZG9ja2VyLnBrZy5kZXYvc2VydmVybGVzcy1ydW50aW1lcy9nb29nbGUtMjItZnVsbC9ydW50aW1lcy9ub2RlanMyMkAB","serviceAccount":"projects/tecniapp-ice/serviceAccounts/1097214229632-compute@developer.gserviceaccount.com","automaticUpdatePolicy":{}},"serviceConfig":{"service":"projects/tecniapp-ice/locations/us-central1/services/notifyprogramacionassigned","timeoutSeconds":60,"environmentVariables":{"FIREBASE_CONFIG":"{\"projectId\":\"tecniapp-ice\",\"databaseURL\":\"https://tecniapp-ice-default-rtdb.firebaseio.com\",\"storageBucket\":\"tecniapp-ice.firebasestorage.app\"}","GCLOUD_PROJECT":"tecniapp-ice","EVENTARC_CLOUD_EVENT_SOURCE":"projects/tecniapp-ice/locations/us-central1/services/notifyProgramacionAssigned","FUNCTION_SIGNATURE_TYPE":"cloudevent","FUNCTION_TARGET":"notifyProgramacionAssigned","LOG_EXECUTION_ID":"true"},"ingressSettings":"ALLOW_ALL","serviceAccountEmail":"1097214229632-compute@developer.gserviceaccount.com","availableMemory":"256Mi","maxInstanceRequestConcurrency":80,"availableCpu":"1"},"eventTrigger":{"trigger":"projects/tecniapp-ice/locations/us-central1/triggers/notifyprogramacionassigned-196197","triggerRegion":"us-central1","eventType":"google.firebase.database.ref.v1.created","eventFilters":[{"attribute":"instance","value":"tecniapp-ice-programacion"},{"attribute":"ref","value":"programaciones/{subregion}/{vehiculoId}/{programacionId}","operator":"match-path-pattern"}],"serviceAccountEmail":"1097214229632-compute@developer.gserviceaccount.com","retryPolicy":"RETRY_POLICY_DO_NOT_RETRY"},"labels":{"deployment-tool":"cli-firebase","firebase-functions-hash":"938724c7a4468481da149ff1690fa38e4aa78b2a"},"environment":"GEN_2"},"stages":[{"name":"BUILD","message":"Reusing build","state":"COMPLETE","resource":"projects/1097214229632/locations/us-central1/builds/7ebdc1ee-6159-460b-bfed-14c2e8aec771"},{"name":"SERVICE","message":"Creating Cloud Run service","state":"COMPLETE","resource":"projects/tecniapp-ice/locations/us-central1/services/notifyprogramacionassigned","resourceUri":"https://console.cloud.google.com/run/detail/us-central1/notifyprogramacionassigned?project=tecniapp-ice"},{"name":"TRIGGER","message":"Creating Eventarc trigger","state":"IN_PROGRESS","resource":"projects/tecniapp-ice/locations/us-central1/triggers/notifyprogramacionassigned-196197"}],"sourceToken":"Clhwcm9qZWN0cy8xMDk3MjE0MjI5NjMyL2xvY2F0aW9ucy91cy1jZW50cmFsMS9idWlsZHMvN2ViZGMxZWUtNjE1OS00NjBiLWJmZWQtMTRjMmU4YWVjNzcxEnV1cy1jZW50cmFsMS1kb2NrZXIucGtnLmRldi90ZWNuaWFwcC1pY2UvZ2NmLWFydGlmYWN0cy90ZWNuaWFwcC0taWNlX191cy0tY2VudHJhbDFfX3N5bmNfYXZlcmlhc195X25vdGlmaWNhcjp2ZXJzaW9uXzEYgPnBuPcfIktwcm9qZWN0cy90ZWNuaWFwcC1pY2UvbG9jYXRpb25zL3VzLWNlbnRyYWwxL2Z1bmN0aW9ucy9zeW5jQXZlcmlhc1lOb3RpZmljYXIqCwir0fPQBhCowuVAMghub2RlanMyMjp2CiNnY3IuaW8vZ2FlLXJ1bnRpbWVzL25vZGVqczIyOnN0YWJsZRJPdXMtY2VudHJhbDEtZG9ja2VyLnBrZy5kZXYvc2VydmVybGVzcy1ydW50aW1lcy9nb29nbGUtMjItZnVsbC9ydW50aW1lcy9ub2RlanMyMkAB","operationType":"CREATE_FUNCTION","buildName":"projects/1097214229632/locations/us-central1/builds/7ebdc1ee-6159-460b-bfed-14c2e8aec771"},"done":false}
[debug] [2026-06-01T02:04:38.750Z] Got source token Clhwcm9qZWN0cy8xMDk3MjE0MjI5NjMyL2xvY2F0aW9ucy91cy1jZW50cmFsMS9idWlsZHMvN2ViZGMxZWUtNjE1OS00NjBiLWJmZWQtMTRjMmU4YWVjNzcxEnV1cy1jZW50cmFsMS1kb2NrZXIucGtnLmRldi90ZWNuaWFwcC1pY2UvZ2NmLWFydGlmYWN0cy90ZWNuaWFwcC0taWNlX191cy0tY2VudHJhbDFfX3N5bmNfYXZlcmlhc195X25vdGlmaWNhcjp2ZXJzaW9uXzEYgPnBuPcfIktwcm9qZWN0cy90ZWNuaWFwcC1pY2UvbG9jYXRpb25zL3VzLWNlbnRyYWwxL2Z1bmN0aW9ucy9zeW5jQXZlcmlhc1lOb3RpZmljYXIqCwir0fPQBhCowuVAMghub2RlanMyMjp2CiNnY3IuaW8vZ2FlLXJ1bnRpbWVzL25vZGVqczIyOnN0YWJsZRJPdXMtY2VudHJhbDEtZG9ja2VyLnBrZy5kZXYvc2VydmVybGVzcy1ydW50aW1lcy9nb29nbGUtMjItZnVsbC9ydW50aW1lcy9ub2RlanMyMkAB for region us-central1
[debug] [2026-06-01T02:04:38.984Z] <<< [apiv2][status] POST https://run.googleapis.com/v1/projects/tecniapp-ice/locations/us-central1/services/sendreport:setIamPolicy 200
[debug] [2026-06-01T02:04:38.985Z] <<< [apiv2][body] POST https://run.googleapis.com/v1/projects/tecniapp-ice/locations/us-central1/services/sendreport:setIamPolicy {"version":1,"etag":"BwZTJ53tJug=","bindings":[{"role":"roles/run.invoker","members":["allUsers"]}]}
[info] +  functions[sendReport(us-central1)] Successful create operation. 
[debug] [2026-06-01T02:04:39.021Z] [create-default-us-central1-syncAveriasYNotificar] Retrying task index 0
[debug] [2026-06-01T02:04:39.021Z] Checked if tokens are valid: true, expires at: 1780281501336
[debug] [2026-06-01T02:04:39.021Z] Checked if tokens are valid: true, expires at: 1780281501336
[debug] [2026-06-01T02:04:39.021Z] >>> [apiv2][query] GET https://cloudfunctions.googleapis.com/v2/projects/tecniapp-ice/locations/us-central1/operations/operation-1780279420081-653279a6f53ec-2487ad14-d2cfe2f7 [none]
[debug] [2026-06-01T02:04:39.246Z] <<< [apiv2][status] GET https://cloudfunctions.googleapis.com/v2/projects/tecniapp-ice/locations/us-central1/operations/operation-1780279420081-653279a6f53ec-2487ad14-d2cfe2f7 200
[debug] [2026-06-01T02:04:39.246Z] <<< [apiv2][body] GET https://cloudfunctions.googleapis.com/v2/projects/tecniapp-ice/locations/us-central1/operations/operation-1780279420081-653279a6f53ec-2487ad14-d2cfe2f7 {"name":"projects/tecniapp-ice/locations/us-central1/operations/operation-1780279420081-653279a6f53ec-2487ad14-d2cfe2f7","metadata":{"@type":"type.googleapis.com/google.cloud.functions.v2.OperationMetadata","createTime":"2026-06-01T02:03:40.622161163Z","endTime":"2026-06-01T02:04:36.848444838Z","target":"projects/tecniapp-ice/locations/us-central1/functions/syncAveriasYNotificar","verb":"create","cancelRequested":false,"apiVersion":"v2","requestResource":{"@type":"type.googleapis.com/google.cloud.functions.v2.Function","name":"projects/tecniapp-ice/locations/us-central1/functions/syncAveriasYNotificar","buildConfig":{"runtime":"nodejs22","entryPoint":"syncAveriasYNotificar","source":{"storageSource":{"bucket":"gcf-v2-sources-1097214229632-us-central1","object":"syncAveriasYNotificar/function-source.zip","generation":"1780279420349467"}},"environmentVariables":{"GOOGLE_NODE_RUN_SCRIPTS":""},"serviceAccount":"projects/tecniapp-ice/serviceAccounts/1097214229632-compute@developer.gserviceaccount.com","automaticUpdatePolicy":{}},"serviceConfig":{"service":"projects/tecniapp-ice/locations/us-central1/services/syncaveriasynotificar","timeoutSeconds":60,"environmentVariables":{"FIREBASE_CONFIG":"{\"projectId\":\"tecniapp-ice\",\"databaseURL\":\"https://tecniapp-ice-default-rtdb.firebaseio.com\",\"storageBucket\":\"tecniapp-ice.firebasestorage.app\"}","GCLOUD_PROJECT":"tecniapp-ice","EVENTARC_CLOUD_EVENT_SOURCE":"projects/tecniapp-ice/locations/us-central1/services/syncAveriasYNotificar","FUNCTION_TARGET":"syncAveriasYNotificar","LOG_EXECUTION_ID":"true"},"ingressSettings":"ALLOW_ALL","serviceAccountEmail":"1097214229632-compute@developer.gserviceaccount.com","availableMemory":"256Mi","maxInstanceRequestConcurrency":80,"availableCpu":"1"},"labels":{"deployment-tool":"cli-firebase","deployment-scheduled":"true","firebase-functions-hash":"938724c7a4468481da149ff1690fa38e4aa78b2a"},"environment":"GEN_2"},"stages":[{"name":"BUILD","message":"Build finished","state":"COMPLETE","resource":"projects/1097214229632/locations/us-central1/builds/7ebdc1ee-6159-460b-bfed-14c2e8aec771","resourceUri":"https://console.cloud.google.com/cloud-build/builds;region=us-central1/7ebdc1ee-6159-460b-bfed-14c2e8aec771?project=1097214229632"},{"name":"SERVICE","message":"Creating Cloud Run service","state":"COMPLETE","resource":"projects/tecniapp-ice/locations/us-central1/services/syncaveriasynotificar","resourceUri":"https://console.cloud.google.com/run/detail/us-central1/syncaveriasynotificar?project=tecniapp-ice"}],"sourceToken":"Clhwcm9qZWN0cy8xMDk3MjE0MjI5NjMyL2xvY2F0aW9ucy91cy1jZW50cmFsMS9idWlsZHMvN2ViZGMxZWUtNjE1OS00NjBiLWJmZWQtMTRjMmU4YWVjNzcxEnV1cy1jZW50cmFsMS1kb2NrZXIucGtnLmRldi90ZWNuaWFwcC1pY2UvZ2NmLWFydGlmYWN0cy90ZWNuaWFwcC0taWNlX191cy0tY2VudHJhbDFfX3N5bmNfYXZlcmlhc195X25vdGlmaWNhcjp2ZXJzaW9uXzEYgPnBuPcfIktwcm9qZWN0cy90ZWNuaWFwcC1pY2UvbG9jYXRpb25zL3VzLWNlbnRyYWwxL2Z1bmN0aW9ucy9zeW5jQXZlcmlhc1lOb3RpZmljYXIqCwir0fPQBhCowuVAMghub2RlanMyMjp2CiNnY3IuaW8vZ2FlLXJ1bnRpbWVzL25vZGVqczIyOnN0YWJsZRJPdXMtY2VudHJhbDEtZG9ja2VyLnBrZy5kZXYvc2VydmVybGVzcy1ydW50aW1lcy9nb29nbGUtMjItZnVsbC9ydW50aW1lcy9ub2RlanMyMkAB","operationType":"CREATE_FUNCTION","buildName":"projects/1097214229632/locations/us-central1/builds/7ebdc1ee-6159-460b-bfed-14c2e8aec771"},"done":true,"response":{"@type":"type.googleapis.com/google.cloud.functions.v2.Function","name":"projects/tecniapp-ice/locations/us-central1/functions/syncAveriasYNotificar","buildConfig":{"build":"projects/1097214229632/locations/us-central1/builds/7ebdc1ee-6159-460b-bfed-14c2e8aec771","runtime":"nodejs22","entryPoint":"syncAveriasYNotificar","source":{"storageSource":{"bucket":"gcf-v2-sources-1097214229632-us-central1","object":"syncAveriasYNotificar/function-source.zip","generation":"1780279420349467"}},"environmentVariables":{"GOOGLE_NODE_RUN_SCRIPTS":""},"dockerRepository":"projects/tecniapp-ice/locations/us-central1/repositories/gcf-artifacts","sourceProvenance":{"resolvedStorageSource":{"bucket":"gcf-v2-sources-1097214229632-us-central1","object":"syncAveriasYNotificar/function-source.zip","generation":"1780279420349467"}},"dockerRegistry":"ARTIFACT_REGISTRY","serviceAccount":"projects/tecniapp-ice/serviceAccounts/1097214229632-compute@developer.gserviceaccount.com","automaticUpdatePolicy":{}},"serviceConfig":{"service":"projects/tecniapp-ice/locations/us-central1/services/syncaveriasynotificar","timeoutSeconds":60,"environmentVariables":{"FIREBASE_CONFIG":"{\"projectId\":\"tecniapp-ice\",\"databaseURL\":\"https://tecniapp-ice-default-rtdb.firebaseio.com\",\"storageBucket\":\"tecniapp-ice.firebasestorage.app\"}","GCLOUD_PROJECT":"tecniapp-ice","EVENTARC_CLOUD_EVENT_SOURCE":"projects/tecniapp-ice/locations/us-central1/services/syncAveriasYNotificar","FUNCTION_TARGET":"syncAveriasYNotificar","LOG_EXECUTION_ID":"true"},"ingressSettings":"ALLOW_ALL","uri":"https://syncaveriasynotificar-y7pai55mra-uc.a.run.app","serviceAccountEmail":"1097214229632-compute@developer.gserviceaccount.com","availableMemory":"256Mi","allTrafficOnLatestRevision":true,"revision":"syncaveriasynotificar-00001-jen","maxInstanceRequestConcurrency":80,"availableCpu":"1"},"state":"ACTIVE","updateTime":"2026-06-01T02:03:40.616694998Z","labels":{"deployment-tool":"cli-firebase","deployment-scheduled":"true","firebase-functions-hash":"938724c7a4468481da149ff1690fa38e4aa78b2a"},"environment":"GEN_2","url":"https://us-central1-tecniapp-ice.cloudfunctions.net/syncAveriasYNotificar","createTime":"2026-06-01T02:03:40.616694998Z","satisfiesPzi":true}}
[debug] [2026-06-01T02:04:39.246Z] Got source token Clhwcm9qZWN0cy8xMDk3MjE0MjI5NjMyL2xvY2F0aW9ucy91cy1jZW50cmFsMS9idWlsZHMvN2ViZGMxZWUtNjE1OS00NjBiLWJmZWQtMTRjMmU4YWVjNzcxEnV1cy1jZW50cmFsMS1kb2NrZXIucGtnLmRldi90ZWNuaWFwcC1pY2UvZ2NmLWFydGlmYWN0cy90ZWNuaWFwcC0taWNlX191cy0tY2VudHJhbDFfX3N5bmNfYXZlcmlhc195X25vdGlmaWNhcjp2ZXJzaW9uXzEYgPnBuPcfIktwcm9qZWN0cy90ZWNuaWFwcC1pY2UvbG9jYXRpb25zL3VzLWNlbnRyYWwxL2Z1bmN0aW9ucy9zeW5jQXZlcmlhc1lOb3RpZmljYXIqCwir0fPQBhCowuVAMghub2RlanMyMjp2CiNnY3IuaW8vZ2FlLXJ1bnRpbWVzL25vZGVqczIyOnN0YWJsZRJPdXMtY2VudHJhbDEtZG9ja2VyLnBrZy5kZXYvc2VydmVybGVzcy1ydW50aW1lcy9nb29nbGUtMjItZnVsbC9ydW50aW1lcy9ub2RlanMyMkAB for region us-central1
[debug] [2026-06-01T02:04:39.246Z] Checked if tokens are valid: true, expires at: 1780281501336
[debug] [2026-06-01T02:04:39.246Z] Checked if tokens are valid: true, expires at: 1780281501336
[debug] [2026-06-01T02:04:39.247Z] >>> [apiv2][query] GET https://compute.googleapis.com/compute/v1/projects/1097214229632 [none]
[debug] [2026-06-01T02:04:39.516Z] <<< [apiv2][status] GET https://compute.googleapis.com/compute/v1/projects/1097214229632 403
[debug] [2026-06-01T02:04:39.516Z] <<< [apiv2][body] GET https://compute.googleapis.com/compute/v1/projects/1097214229632 {"error":{"code":403,"message":"Compute Engine API has not been used in project 1097214229632 before or it is disabled. Enable it by visiting https://console.developers.google.com/apis/api/compute.googleapis.com/overview?project=1097214229632 then retry. If you enabled this API recently, wait a few minutes for the action to propagate to our systems and retry.","errors":[{"message":"Compute Engine API has not been used in project 1097214229632 before or it is disabled. Enable it by visiting https://console.developers.google.com/apis/api/compute.googleapis.com/overview?project=1097214229632 then retry. If you enabled this API recently, wait a few minutes for the action to propagate to our systems and retry.","domain":"usageLimits","reason":"accessNotConfigured","extendedHelp":"https://console.developers.google.com"}],"status":"PERMISSION_DENIED","details":[{"@type":"type.googleapis.com/google.rpc.ErrorInfo","reason":"SERVICE_DISABLED","domain":"googleapis.com","metadata":{"activationUrl":"https://console.developers.google.com/apis/api/compute.googleapis.com/overview?project=1097214229632","containerInfo":"1097214229632","serviceTitle":"Compute Engine API","consumer":"projects/1097214229632","service":"compute.googleapis.com"}},{"@type":"type.googleapis.com/google.rpc.LocalizedMessage","locale":"en-US","message":"Compute Engine API has not been used in project 1097214229632 before or it is disabled. Enable it by visiting https://console.developers.google.com/apis/api/compute.googleapis.com/overview?project=1097214229632 then retry. If you enabled this API recently, wait a few minutes for the action to propagate to our systems and retry."},{"@type":"type.googleapis.com/google.rpc.Help","links":[{"description":"Google developers console API activation","url":"https://console.developers.google.com/apis/api/compute.googleapis.com/overview?project=1097214229632"}]}]}}
[debug] [2026-06-01T02:04:39.517Z] unable to look up default compute service account. Falling back to 1097214229632-compute@developer.gserviceaccount.com. Error: {"name":"FirebaseError","children":[],"context":{"body":{"error":{"code":403,"message":"Compute Engine API has not been used in project 1097214229632 before or it is disabled. Enable it by visiting https://console.developers.google.com/apis/api/compute.googleapis.com/overview?project=1097214229632 then retry. If you enabled this API recently, wait a few minutes for the action to propagate to our systems and retry.","errors":[{"message":"Compute Engine API has not been used in project 1097214229632 before or it is disabled. Enable it by visiting https://console.developers.google.com/apis/api/compute.googleapis.com/overview?project=1097214229632 then retry. If you enabled this API recently, wait a few minutes for the action to propagate to our systems and retry.","domain":"usageLimits","reason":"accessNotConfigured","extendedHelp":"https://console.developers.google.com"}],"status":"PERMISSION_DENIED","details":[{"@type":"type.googleapis.com/google.rpc.ErrorInfo","reason":"SERVICE_DISABLED","domain":"googleapis.com","metadata":{"activationUrl":"https://console.developers.google.com/apis/api/compute.googleapis.com/overview?project=1097214229632","containerInfo":"1097214229632","serviceTitle":"Compute Engine API","consumer":"projects/1097214229632","service":"compute.googleapis.com"}},{"@type":"type.googleapis.com/google.rpc.LocalizedMessage","locale":"en-US","message":"Compute Engine API has not been used in project 1097214229632 before or it is disabled. Enable it by visiting https://console.developers.google.com/apis/api/compute.googleapis.com/overview?project=1097214229632 then retry. If you enabled this API recently, wait a few minutes for the action to propagate to our systems and retry."},{"@type":"type.googleapis.com/google.rpc.Help","links":[{"description":"Google developers console API activation","url":"https://console.developers.google.com/apis/api/compute.googleapis.com/overview?project=1097214229632"}]}]}},"response":{"statusCode":403}},"exit":1,"message":"Request to https://compute.googleapis.com/compute/v1/projects/1097214229632 had HTTP Error: 403, Compute Engine API has not been used in project 1097214229632 before or it is disabled. Enable it by visiting https://console.developers.google.com/apis/api/compute.googleapis.com/overview?project=1097214229632 then retry. If you enabled this API recently, wait a few minutes for the action to propagate to our systems and retry.","status":403}
[debug] [2026-06-01T02:04:39.517Z] Checked if tokens are valid: true, expires at: 1780281501336
[debug] [2026-06-01T02:04:39.518Z] Checked if tokens are valid: true, expires at: 1780281501336
[debug] [2026-06-01T02:04:39.518Z] >>> [apiv2][query] POST https://run.googleapis.com/v1/projects/tecniapp-ice/locations/us-central1/services/syncaveriasynotificar:setIamPolicy [none]
[debug] [2026-06-01T02:04:39.518Z] >>> [apiv2][body] POST https://run.googleapis.com/v1/projects/tecniapp-ice/locations/us-central1/services/syncaveriasynotificar:setIamPolicy {"policy":{"bindings":[{"role":"roles/run.invoker","members":["serviceAccount:1097214229632-compute@developer.gserviceaccount.com"]}],"etag":"","version":3},"updateMask":"bindings,etag,version"}
[debug] [2026-06-01T02:04:39.983Z] <<< [apiv2][status] POST https://run.googleapis.com/v1/projects/tecniapp-ice/locations/us-central1/services/syncaveriasynotificar:setIamPolicy 200
[debug] [2026-06-01T02:04:39.983Z] <<< [apiv2][body] POST https://run.googleapis.com/v1/projects/tecniapp-ice/locations/us-central1/services/syncaveriasynotificar:setIamPolicy {"version":1,"etag":"BwZTJ538Wrg=","bindings":[{"role":"roles/run.invoker","members":["serviceAccount:1097214229632-compute@developer.gserviceaccount.com"]}]}
[debug] [2026-06-01T02:04:39.984Z] Checked if tokens are valid: true, expires at: 1780281501336
[debug] [2026-06-01T02:04:39.984Z] Checked if tokens are valid: true, expires at: 1780281501336
[debug] [2026-06-01T02:04:39.985Z] >>> [apiv2][query] GET https://compute.googleapis.com/compute/v1/projects/1097214229632 [none]
[debug] [2026-06-01T02:04:40.114Z] <<< [apiv2][status] GET https://compute.googleapis.com/compute/v1/projects/1097214229632 403
[debug] [2026-06-01T02:04:40.114Z] <<< [apiv2][body] GET https://compute.googleapis.com/compute/v1/projects/1097214229632 {"error":{"code":403,"message":"Compute Engine API has not been used in project 1097214229632 before or it is disabled. Enable it by visiting https://console.developers.google.com/apis/api/compute.googleapis.com/overview?project=1097214229632 then retry. If you enabled this API recently, wait a few minutes for the action to propagate to our systems and retry.","errors":[{"message":"Compute Engine API has not been used in project 1097214229632 before or it is disabled. Enable it by visiting https://console.developers.google.com/apis/api/compute.googleapis.com/overview?project=1097214229632 then retry. If you enabled this API recently, wait a few minutes for the action to propagate to our systems and retry.","domain":"usageLimits","reason":"accessNotConfigured","extendedHelp":"https://console.developers.google.com"}],"status":"PERMISSION_DENIED","details":[{"@type":"type.googleapis.com/google.rpc.ErrorInfo","reason":"SERVICE_DISABLED","domain":"googleapis.com","metadata":{"activationUrl":"https://console.developers.google.com/apis/api/compute.googleapis.com/overview?project=1097214229632","service":"compute.googleapis.com","serviceTitle":"Compute Engine API","consumer":"projects/1097214229632","containerInfo":"1097214229632"}},{"@type":"type.googleapis.com/google.rpc.LocalizedMessage","locale":"en-US","message":"Compute Engine API has not been used in project 1097214229632 before or it is disabled. Enable it by visiting https://console.developers.google.com/apis/api/compute.googleapis.com/overview?project=1097214229632 then retry. If you enabled this API recently, wait a few minutes for the action to propagate to our systems and retry."},{"@type":"type.googleapis.com/google.rpc.Help","links":[{"description":"Google developers console API activation","url":"https://console.developers.google.com/apis/api/compute.googleapis.com/overview?project=1097214229632"}]}]}}
[debug] [2026-06-01T02:04:40.114Z] unable to look up default compute service account. Falling back to 1097214229632-compute@developer.gserviceaccount.com. Error: {"name":"FirebaseError","children":[],"context":{"body":{"error":{"code":403,"message":"Compute Engine API has not been used in project 1097214229632 before or it is disabled. Enable it by visiting https://console.developers.google.com/apis/api/compute.googleapis.com/overview?project=1097214229632 then retry. If you enabled this API recently, wait a few minutes for the action to propagate to our systems and retry.","errors":[{"message":"Compute Engine API has not been used in project 1097214229632 before or it is disabled. Enable it by visiting https://console.developers.google.com/apis/api/compute.googleapis.com/overview?project=1097214229632 then retry. If you enabled this API recently, wait a few minutes for the action to propagate to our systems and retry.","domain":"usageLimits","reason":"accessNotConfigured","extendedHelp":"https://console.developers.google.com"}],"status":"PERMISSION_DENIED","details":[{"@type":"type.googleapis.com/google.rpc.ErrorInfo","reason":"SERVICE_DISABLED","domain":"googleapis.com","metadata":{"activationUrl":"https://console.developers.google.com/apis/api/compute.googleapis.com/overview?project=1097214229632","service":"compute.googleapis.com","serviceTitle":"Compute Engine API","consumer":"projects/1097214229632","containerInfo":"1097214229632"}},{"@type":"type.googleapis.com/google.rpc.LocalizedMessage","locale":"en-US","message":"Compute Engine API has not been used in project 1097214229632 before or it is disabled. Enable it by visiting https://console.developers.google.com/apis/api/compute.googleapis.com/overview?project=1097214229632 then retry. If you enabled this API recently, wait a few minutes for the action to propagate to our systems and retry."},{"@type":"type.googleapis.com/google.rpc.Help","links":[{"description":"Google developers console API activation","url":"https://console.developers.google.com/apis/api/compute.googleapis.com/overview?project=1097214229632"}]}]}},"response":{"statusCode":403}},"exit":1,"message":"Request to https://compute.googleapis.com/compute/v1/projects/1097214229632 had HTTP Error: 403, Compute Engine API has not been used in project 1097214229632 before or it is disabled. Enable it by visiting https://console.developers.google.com/apis/api/compute.googleapis.com/overview?project=1097214229632 then retry. If you enabled this API recently, wait a few minutes for the action to propagate to our systems and retry.","status":403}
[debug] [2026-06-01T02:04:40.115Z] Checked if tokens are valid: true, expires at: 1780281501336
[debug] [2026-06-01T02:04:40.115Z] Checked if tokens are valid: true, expires at: 1780281501336
[debug] [2026-06-01T02:04:40.115Z] >>> [apiv2][query] GET https://cloudscheduler.googleapis.com/v1/projects/tecniapp-ice/locations/us-central1/jobs/firebase-schedule-syncAveriasYNotificar-us-central1 [none]
[debug] [2026-06-01T02:04:40.805Z] <<< [apiv2][status] GET https://cloudscheduler.googleapis.com/v1/projects/tecniapp-ice/locations/us-central1/jobs/firebase-schedule-syncAveriasYNotificar-us-central1 200
[debug] [2026-06-01T02:04:40.806Z] <<< [apiv2][body] GET https://cloudscheduler.googleapis.com/v1/projects/tecniapp-ice/locations/us-central1/jobs/firebase-schedule-syncAveriasYNotificar-us-central1 {"name":"projects/tecniapp-ice/locations/us-central1/jobs/firebase-schedule-syncAveriasYNotificar-us-central1","httpTarget":{"uri":"https://us-central1-tecniapp-ice.cloudfunctions.net/syncAveriasYNotificar","httpMethod":"POST","headers":{"User-Agent":"Google-Cloud-Scheduler"},"oidcToken":{"serviceAccountEmail":"1097214229632-compute@developer.gserviceaccount.com","audience":"https://us-central1-tecniapp-ice.cloudfunctions.net/syncAveriasYNotificar"}},"userUpdateTime":"2026-05-29T20:39:27.834807Z","state":"ENABLED","status":{"code":5},"scheduleTime":"2026-06-01T02:09:00.884282Z","lastAttemptTime":"2026-06-01T02:04:01.667986Z","retryConfig":{"maxRetryDuration":"0s","minBackoffDuration":"5s","maxBackoffDuration":"3600s","maxDoublings":5},"schedule":"every 5 minutes","timeZone":"America/Costa_Rica","attemptDeadline":"180s"}
[debug] [2026-06-01T02:04:40.806Z] Checked if tokens are valid: true, expires at: 1780281501336
[debug] [2026-06-01T02:04:40.806Z] Checked if tokens are valid: true, expires at: 1780281501336
[debug] [2026-06-01T02:04:40.806Z] >>> [apiv2][query] PATCH https://cloudscheduler.googleapis.com/v1/projects/tecniapp-ice/locations/us-central1/jobs/firebase-schedule-syncAveriasYNotificar-us-central1 updateMask=name%2CtimeZone%2ChttpTarget%2Cschedule%2CattemptDeadline
[debug] [2026-06-01T02:04:40.806Z] >>> [apiv2][body] PATCH https://cloudscheduler.googleapis.com/v1/projects/tecniapp-ice/locations/us-central1/jobs/firebase-schedule-syncAveriasYNotificar-us-central1 {"timeZone":"America/Costa_Rica","name":"projects/tecniapp-ice/locations/us-central1/jobs/firebase-schedule-syncAveriasYNotificar-us-central1","httpTarget":{"uri":"https://us-central1-tecniapp-ice.cloudfunctions.net/syncAveriasYNotificar","httpMethod":"POST","oidcToken":{"serviceAccountEmail":"1097214229632-compute@developer.gserviceaccount.com"}},"schedule":"every 5 minutes","attemptDeadline":null}
[debug] [2026-06-01T02:04:44.214Z] <<< [apiv2][status] PATCH https://cloudscheduler.googleapis.com/v1/projects/tecniapp-ice/locations/us-central1/jobs/firebase-schedule-syncAveriasYNotificar-us-central1 200
[debug] [2026-06-01T02:04:44.214Z] <<< [apiv2][body] PATCH https://cloudscheduler.googleapis.com/v1/projects/tecniapp-ice/locations/us-central1/jobs/firebase-schedule-syncAveriasYNotificar-us-central1 {"name":"projects/tecniapp-ice/locations/us-central1/jobs/firebase-schedule-syncAveriasYNotificar-us-central1","httpTarget":{"uri":"https://us-central1-tecniapp-ice.cloudfunctions.net/syncAveriasYNotificar","httpMethod":"POST","headers":{"User-Agent":"Google-Cloud-Scheduler"},"oidcToken":{"serviceAccountEmail":"1097214229632-compute@developer.gserviceaccount.com","audience":"https://us-central1-tecniapp-ice.cloudfunctions.net/syncAveriasYNotificar"}},"userUpdateTime":"2026-06-01T02:04:43.845009Z","state":"ENABLED","status":{"code":5},"scheduleTime":"2026-06-01T02:09:00Z","lastAttemptTime":"2026-06-01T02:04:01.667986Z","retryConfig":{"maxRetryDuration":"0s","minBackoffDuration":"5s","maxBackoffDuration":"3600s","maxDoublings":5},"schedule":"every 5 minutes","timeZone":"America/Costa_Rica","attemptDeadline":"180s"}
[debug] [2026-06-01T02:04:44.214Z] updated scheduler job firebase-schedule-syncAveriasYNotificar-us-central1
[info] +  functions[syncAveriasYNotificar(us-central1)] Successful create operation. 
[debug] [2026-06-01T02:04:46.171Z] [create-default-us-central1-sendVerificationCode] Retrying task index 0
[debug] [2026-06-01T02:04:46.172Z] Checked if tokens are valid: true, expires at: 1780281501336
[debug] [2026-06-01T02:04:46.172Z] Checked if tokens are valid: true, expires at: 1780281501336
[debug] [2026-06-01T02:04:46.172Z] >>> [apiv2][query] GET https://cloudfunctions.googleapis.com/v2/projects/tecniapp-ice/locations/us-central1/operations/operation-1780279468834-653279d573e5c-1f492f9d-33ac74ee [none]
[debug] [2026-06-01T02:04:46.491Z] <<< [apiv2][status] GET https://cloudfunctions.googleapis.com/v2/projects/tecniapp-ice/locations/us-central1/operations/operation-1780279468834-653279d573e5c-1f492f9d-33ac74ee 200
[debug] [2026-06-01T02:04:46.491Z] <<< [apiv2][body] GET https://cloudfunctions.googleapis.com/v2/projects/tecniapp-ice/locations/us-central1/operations/operation-1780279468834-653279d573e5c-1f492f9d-33ac74ee {"name":"projects/tecniapp-ice/locations/us-central1/operations/operation-1780279468834-653279d573e5c-1f492f9d-33ac74ee","metadata":{"@type":"type.googleapis.com/google.cloud.functions.v2.OperationMetadata","createTime":"2026-06-01T02:04:29.312835816Z","endTime":"2026-06-01T02:04:37.712635211Z","target":"projects/tecniapp-ice/locations/us-central1/functions/sendVerificationCode","verb":"create","cancelRequested":false,"apiVersion":"v2","requestResource":{"@type":"type.googleapis.com/google.cloud.functions.v2.Function","name":"projects/tecniapp-ice/locations/us-central1/functions/sendVerificationCode","buildConfig":{"runtime":"nodejs22","entryPoint":"sendVerificationCode","source":{"storageSource":{"bucket":"gcf-v2-sources-1097214229632-us-central1","object":"sendVerificationCode/function-source.zip","generation":"1780279469078296"}},"environmentVariables":{"GOOGLE_NODE_RUN_SCRIPTS":""},"sourceToken":"Clhwcm9qZWN0cy8xMDk3MjE0MjI5NjMyL2xvY2F0aW9ucy91cy1jZW50cmFsMS9idWlsZHMvN2ViZGMxZWUtNjE1OS00NjBiLWJmZWQtMTRjMmU4YWVjNzcxEnV1cy1jZW50cmFsMS1kb2NrZXIucGtnLmRldi90ZWNuaWFwcC1pY2UvZ2NmLWFydGlmYWN0cy90ZWNuaWFwcC0taWNlX191cy0tY2VudHJhbDFfX3N5bmNfYXZlcmlhc195X25vdGlmaWNhcjp2ZXJzaW9uXzEYgPnBuPcfIktwcm9qZWN0cy90ZWNuaWFwcC1pY2UvbG9jYXRpb25zL3VzLWNlbnRyYWwxL2Z1bmN0aW9ucy9zeW5jQXZlcmlhc1lOb3RpZmljYXIqCwir0fPQBhCowuVAMghub2RlanMyMjp2CiNnY3IuaW8vZ2FlLXJ1bnRpbWVzL25vZGVqczIyOnN0YWJsZRJPdXMtY2VudHJhbDEtZG9ja2VyLnBrZy5kZXYvc2VydmVybGVzcy1ydW50aW1lcy9nb29nbGUtMjItZnVsbC9ydW50aW1lcy9ub2RlanMyMkAB","serviceAccount":"projects/tecniapp-ice/serviceAccounts/1097214229632-compute@developer.gserviceaccount.com","automaticUpdatePolicy":{}},"serviceConfig":{"service":"projects/tecniapp-ice/locations/us-central1/services/sendverificationcode","timeoutSeconds":60,"environmentVariables":{"FIREBASE_CONFIG":"{\"projectId\":\"tecniapp-ice\",\"databaseURL\":\"https://tecniapp-ice-default-rtdb.firebaseio.com\",\"storageBucket\":\"tecniapp-ice.firebasestorage.app\"}","GCLOUD_PROJECT":"tecniapp-ice","EVENTARC_CLOUD_EVENT_SOURCE":"projects/tecniapp-ice/locations/us-central1/services/sendVerificationCode","FUNCTION_TARGET":"sendVerificationCode","LOG_EXECUTION_ID":"true","FUNCTION_SIGNATURE_TYPE":"http"},"ingressSettings":"ALLOW_ALL","serviceAccountEmail":"1097214229632-compute@developer.gserviceaccount.com","availableMemory":"256Mi","secretEnvironmentVariables":[{"key":"MAIL_USER","projectId":"tecniapp-ice","secret":"MAIL_USER","version":"3"},{"key":"MAIL_PASS","projectId":"tecniapp-ice","secret":"MAIL_PASS","version":"2"}],"maxInstanceRequestConcurrency":80,"availableCpu":"1"},"labels":{"deployment-tool":"cli-firebase","deployment-callable":"true","firebase-functions-hash":"4d9743265dd83aa7b899901a0fc17df8d2fbf98b"},"environment":"GEN_2"},"stages":[{"name":"BUILD","message":"Reusing build","state":"COMPLETE","resource":"projects/1097214229632/locations/us-central1/builds/7ebdc1ee-6159-460b-bfed-14c2e8aec771"},{"name":"SERVICE","message":"Creating Cloud Run service","state":"COMPLETE","resource":"projects/tecniapp-ice/locations/us-central1/services/sendverificationcode","resourceUri":"https://console.cloud.google.com/run/detail/us-central1/sendverificationcode?project=tecniapp-ice"}],"sourceToken":"Clhwcm9qZWN0cy8xMDk3MjE0MjI5NjMyL2xvY2F0aW9ucy91cy1jZW50cmFsMS9idWlsZHMvN2ViZGMxZWUtNjE1OS00NjBiLWJmZWQtMTRjMmU4YWVjNzcxEnV1cy1jZW50cmFsMS1kb2NrZXIucGtnLmRldi90ZWNuaWFwcC1pY2UvZ2NmLWFydGlmYWN0cy90ZWNuaWFwcC0taWNlX191cy0tY2VudHJhbDFfX3N5bmNfYXZlcmlhc195X25vdGlmaWNhcjp2ZXJzaW9uXzEYgPnBuPcfIktwcm9qZWN0cy90ZWNuaWFwcC1pY2UvbG9jYXRpb25zL3VzLWNlbnRyYWwxL2Z1bmN0aW9ucy9zeW5jQXZlcmlhc1lOb3RpZmljYXIqCwir0fPQBhCowuVAMghub2RlanMyMjp2CiNnY3IuaW8vZ2FlLXJ1bnRpbWVzL25vZGVqczIyOnN0YWJsZRJPdXMtY2VudHJhbDEtZG9ja2VyLnBrZy5kZXYvc2VydmVybGVzcy1ydW50aW1lcy9nb29nbGUtMjItZnVsbC9ydW50aW1lcy9ub2RlanMyMkAB","operationType":"CREATE_FUNCTION","buildName":"projects/1097214229632/locations/us-central1/builds/7ebdc1ee-6159-460b-bfed-14c2e8aec771"},"done":true,"response":{"@type":"type.googleapis.com/google.cloud.functions.v2.Function","name":"projects/tecniapp-ice/locations/us-central1/functions/sendVerificationCode","buildConfig":{"build":"projects/1097214229632/locations/us-central1/builds/7ebdc1ee-6159-460b-bfed-14c2e8aec771","runtime":"nodejs22","entryPoint":"sendVerificationCode","source":{"storageSource":{"bucket":"gcf-v2-sources-1097214229632-us-central1","object":"sendVerificationCode/function-source.zip","generation":"1780279469078296"}},"environmentVariables":{"GOOGLE_NODE_RUN_SCRIPTS":""},"dockerRepository":"projects/tecniapp-ice/locations/us-central1/repositories/gcf-artifacts","sourceProvenance":{"resolvedStorageSource":{"bucket":"gcf-v2-sources-1097214229632-us-central1","object":"sendVerificationCode/function-source.zip","generation":"1780279469078296"}},"dockerRegistry":"ARTIFACT_REGISTRY","serviceAccount":"projects/tecniapp-ice/serviceAccounts/1097214229632-compute@developer.gserviceaccount.com","automaticUpdatePolicy":{}},"serviceConfig":{"service":"projects/tecniapp-ice/locations/us-central1/services/sendverificationcode","timeoutSeconds":60,"environmentVariables":{"FIREBASE_CONFIG":"{\"projectId\":\"tecniapp-ice\",\"databaseURL\":\"https://tecniapp-ice-default-rtdb.firebaseio.com\",\"storageBucket\":\"tecniapp-ice.firebasestorage.app\"}","GCLOUD_PROJECT":"tecniapp-ice","EVENTARC_CLOUD_EVENT_SOURCE":"projects/tecniapp-ice/locations/us-central1/services/sendVerificationCode","FUNCTION_TARGET":"sendVerificationCode","LOG_EXECUTION_ID":"true","FUNCTION_SIGNATURE_TYPE":"http"},"ingressSettings":"ALLOW_ALL","uri":"https://sendverificationcode-y7pai55mra-uc.a.run.app","serviceAccountEmail":"1097214229632-compute@developer.gserviceaccount.com","availableMemory":"256Mi","allTrafficOnLatestRevision":true,"secretEnvironmentVariables":[{"key":"MAIL_USER","projectId":"tecniapp-ice","secret":"MAIL_USER","version":"3"},{"key":"MAIL_PASS","projectId":"tecniapp-ice","secret":"MAIL_PASS","version":"2"}],"revision":"sendverificationcode-00001-bih","maxInstanceRequestConcurrency":80,"availableCpu":"1"},"state":"ACTIVE","updateTime":"2026-06-01T02:04:29.305220608Z","labels":{"deployment-callable":"true","firebase-functions-hash":"4d9743265dd83aa7b899901a0fc17df8d2fbf98b","deployment-tool":"cli-firebase"},"environment":"GEN_2","url":"https://us-central1-tecniapp-ice.cloudfunctions.net/sendVerificationCode","createTime":"2026-06-01T02:04:29.305220608Z","satisfiesPzi":true}}
[debug] [2026-06-01T02:04:46.491Z] Got source token Clhwcm9qZWN0cy8xMDk3MjE0MjI5NjMyL2xvY2F0aW9ucy91cy1jZW50cmFsMS9idWlsZHMvN2ViZGMxZWUtNjE1OS00NjBiLWJmZWQtMTRjMmU4YWVjNzcxEnV1cy1jZW50cmFsMS1kb2NrZXIucGtnLmRldi90ZWNuaWFwcC1pY2UvZ2NmLWFydGlmYWN0cy90ZWNuaWFwcC0taWNlX191cy0tY2VudHJhbDFfX3N5bmNfYXZlcmlhc195X25vdGlmaWNhcjp2ZXJzaW9uXzEYgPnBuPcfIktwcm9qZWN0cy90ZWNuaWFwcC1pY2UvbG9jYXRpb25zL3VzLWNlbnRyYWwxL2Z1bmN0aW9ucy9zeW5jQXZlcmlhc1lOb3RpZmljYXIqCwir0fPQBhCowuVAMghub2RlanMyMjp2CiNnY3IuaW8vZ2FlLXJ1bnRpbWVzL25vZGVqczIyOnN0YWJsZRJPdXMtY2VudHJhbDEtZG9ja2VyLnBrZy5kZXYvc2VydmVybGVzcy1ydW50aW1lcy9nb29nbGUtMjItZnVsbC9ydW50aW1lcy9ub2RlanMyMkAB for region us-central1
[debug] [2026-06-01T02:04:46.492Z] Checked if tokens are valid: true, expires at: 1780281501336
[debug] [2026-06-01T02:04:46.492Z] Checked if tokens are valid: true, expires at: 1780281501336
[debug] [2026-06-01T02:04:46.492Z] >>> [apiv2][query] POST https://run.googleapis.com/v1/projects/tecniapp-ice/locations/us-central1/services/sendverificationcode:setIamPolicy [none]
[debug] [2026-06-01T02:04:46.492Z] >>> [apiv2][body] POST https://run.googleapis.com/v1/projects/tecniapp-ice/locations/us-central1/services/sendverificationcode:setIamPolicy {"policy":{"bindings":[{"role":"roles/run.invoker","members":["allUsers"]}],"etag":"","version":3},"updateMask":"bindings,etag,version"}
[debug] [2026-06-01T02:04:46.760Z] [create-default-us-central1-notifyProgramacionAssigned] Retrying task index 0
[debug] [2026-06-01T02:04:46.761Z] Checked if tokens are valid: true, expires at: 1780281501336
[debug] [2026-06-01T02:04:46.761Z] Checked if tokens are valid: true, expires at: 1780281501336
[debug] [2026-06-01T02:04:46.761Z] >>> [apiv2][query] GET https://cloudfunctions.googleapis.com/v2/projects/tecniapp-ice/locations/us-central1/operations/operation-1780279469052-653279d5a9246-89c6bcb1-264564b0 [none]
[debug] [2026-06-01T02:04:46.887Z] <<< [apiv2][status] GET https://cloudfunctions.googleapis.com/v2/projects/tecniapp-ice/locations/us-central1/operations/operation-1780279469052-653279d5a9246-89c6bcb1-264564b0 200
[debug] [2026-06-01T02:04:46.887Z] <<< [apiv2][body] GET https://cloudfunctions.googleapis.com/v2/projects/tecniapp-ice/locations/us-central1/operations/operation-1780279469052-653279d5a9246-89c6bcb1-264564b0 {"name":"projects/tecniapp-ice/locations/us-central1/operations/operation-1780279469052-653279d5a9246-89c6bcb1-264564b0","metadata":{"@type":"type.googleapis.com/google.cloud.functions.v2.OperationMetadata","createTime":"2026-06-01T02:04:29.684330979Z","target":"projects/tecniapp-ice/locations/us-central1/functions/notifyProgramacionAssigned","verb":"create","cancelRequested":false,"apiVersion":"v2","requestResource":{"@type":"type.googleapis.com/google.cloud.functions.v2.Function","name":"projects/tecniapp-ice/locations/us-central1/functions/notifyProgramacionAssigned","buildConfig":{"runtime":"nodejs22","entryPoint":"notifyProgramacionAssigned","source":{"storageSource":{"bucket":"gcf-v2-sources-1097214229632-us-central1","object":"notifyProgramacionAssigned/function-source.zip","generation":"1780279469287728"}},"environmentVariables":{"GOOGLE_NODE_RUN_SCRIPTS":""},"sourceToken":"Clhwcm9qZWN0cy8xMDk3MjE0MjI5NjMyL2xvY2F0aW9ucy91cy1jZW50cmFsMS9idWlsZHMvN2ViZGMxZWUtNjE1OS00NjBiLWJmZWQtMTRjMmU4YWVjNzcxEnV1cy1jZW50cmFsMS1kb2NrZXIucGtnLmRldi90ZWNuaWFwcC1pY2UvZ2NmLWFydGlmYWN0cy90ZWNuaWFwcC0taWNlX191cy0tY2VudHJhbDFfX3N5bmNfYXZlcmlhc195X25vdGlmaWNhcjp2ZXJzaW9uXzEYgPnBuPcfIktwcm9qZWN0cy90ZWNuaWFwcC1pY2UvbG9jYXRpb25zL3VzLWNlbnRyYWwxL2Z1bmN0aW9ucy9zeW5jQXZlcmlhc1lOb3RpZmljYXIqCwir0fPQBhCowuVAMghub2RlanMyMjp2CiNnY3IuaW8vZ2FlLXJ1bnRpbWVzL25vZGVqczIyOnN0YWJsZRJPdXMtY2VudHJhbDEtZG9ja2VyLnBrZy5kZXYvc2VydmVybGVzcy1ydW50aW1lcy9nb29nbGUtMjItZnVsbC9ydW50aW1lcy9ub2RlanMyMkAB","serviceAccount":"projects/tecniapp-ice/serviceAccounts/1097214229632-compute@developer.gserviceaccount.com","automaticUpdatePolicy":{}},"serviceConfig":{"service":"projects/tecniapp-ice/locations/us-central1/services/notifyprogramacionassigned","timeoutSeconds":60,"environmentVariables":{"FIREBASE_CONFIG":"{\"projectId\":\"tecniapp-ice\",\"databaseURL\":\"https://tecniapp-ice-default-rtdb.firebaseio.com\",\"storageBucket\":\"tecniapp-ice.firebasestorage.app\"}","GCLOUD_PROJECT":"tecniapp-ice","EVENTARC_CLOUD_EVENT_SOURCE":"projects/tecniapp-ice/locations/us-central1/services/notifyProgramacionAssigned","FUNCTION_SIGNATURE_TYPE":"cloudevent","FUNCTION_TARGET":"notifyProgramacionAssigned","LOG_EXECUTION_ID":"true"},"ingressSettings":"ALLOW_ALL","serviceAccountEmail":"1097214229632-compute@developer.gserviceaccount.com","availableMemory":"256Mi","maxInstanceRequestConcurrency":80,"availableCpu":"1"},"eventTrigger":{"trigger":"projects/tecniapp-ice/locations/us-central1/triggers/notifyprogramacionassigned-196197","triggerRegion":"us-central1","eventType":"google.firebase.database.ref.v1.created","eventFilters":[{"attribute":"instance","value":"tecniapp-ice-programacion"},{"attribute":"ref","value":"programaciones/{subregion}/{vehiculoId}/{programacionId}","operator":"match-path-pattern"}],"serviceAccountEmail":"1097214229632-compute@developer.gserviceaccount.com","retryPolicy":"RETRY_POLICY_DO_NOT_RETRY"},"labels":{"deployment-tool":"cli-firebase","firebase-functions-hash":"938724c7a4468481da149ff1690fa38e4aa78b2a"},"environment":"GEN_2"},"stages":[{"name":"BUILD","message":"Reusing build","state":"COMPLETE","resource":"projects/1097214229632/locations/us-central1/builds/7ebdc1ee-6159-460b-bfed-14c2e8aec771"},{"name":"SERVICE","message":"Creating Cloud Run service","state":"COMPLETE","resource":"projects/tecniapp-ice/locations/us-central1/services/notifyprogramacionassigned","resourceUri":"https://console.cloud.google.com/run/detail/us-central1/notifyprogramacionassigned?project=tecniapp-ice"},{"name":"TRIGGER","message":"Creating Eventarc trigger","state":"IN_PROGRESS","resource":"projects/tecniapp-ice/locations/us-central1/triggers/notifyprogramacionassigned-196197"}],"sourceToken":"Clhwcm9qZWN0cy8xMDk3MjE0MjI5NjMyL2xvY2F0aW9ucy91cy1jZW50cmFsMS9idWlsZHMvN2ViZGMxZWUtNjE1OS00NjBiLWJmZWQtMTRjMmU4YWVjNzcxEnV1cy1jZW50cmFsMS1kb2NrZXIucGtnLmRldi90ZWNuaWFwcC1pY2UvZ2NmLWFydGlmYWN0cy90ZWNuaWFwcC0taWNlX191cy0tY2VudHJhbDFfX3N5bmNfYXZlcmlhc195X25vdGlmaWNhcjp2ZXJzaW9uXzEYgPnBuPcfIktwcm9qZWN0cy90ZWNuaWFwcC1pY2UvbG9jYXRpb25zL3VzLWNlbnRyYWwxL2Z1bmN0aW9ucy9zeW5jQXZlcmlhc1lOb3RpZmljYXIqCwir0fPQBhCowuVAMghub2RlanMyMjp2CiNnY3IuaW8vZ2FlLXJ1bnRpbWVzL25vZGVqczIyOnN0YWJsZRJPdXMtY2VudHJhbDEtZG9ja2VyLnBrZy5kZXYvc2VydmVybGVzcy1ydW50aW1lcy9nb29nbGUtMjItZnVsbC9ydW50aW1lcy9ub2RlanMyMkAB","operationType":"CREATE_FUNCTION","buildName":"projects/1097214229632/locations/us-central1/builds/7ebdc1ee-6159-460b-bfed-14c2e8aec771"},"done":false}
[debug] [2026-06-01T02:04:46.887Z] Got source token Clhwcm9qZWN0cy8xMDk3MjE0MjI5NjMyL2xvY2F0aW9ucy91cy1jZW50cmFsMS9idWlsZHMvN2ViZGMxZWUtNjE1OS00NjBiLWJmZWQtMTRjMmU4YWVjNzcxEnV1cy1jZW50cmFsMS1kb2NrZXIucGtnLmRldi90ZWNuaWFwcC1pY2UvZ2NmLWFydGlmYWN0cy90ZWNuaWFwcC0taWNlX191cy0tY2VudHJhbDFfX3N5bmNfYXZlcmlhc195X25vdGlmaWNhcjp2ZXJzaW9uXzEYgPnBuPcfIktwcm9qZWN0cy90ZWNuaWFwcC1pY2UvbG9jYXRpb25zL3VzLWNlbnRyYWwxL2Z1bmN0aW9ucy9zeW5jQXZlcmlhc1lOb3RpZmljYXIqCwir0fPQBhCowuVAMghub2RlanMyMjp2CiNnY3IuaW8vZ2FlLXJ1bnRpbWVzL25vZGVqczIyOnN0YWJsZRJPdXMtY2VudHJhbDEtZG9ja2VyLnBrZy5kZXYvc2VydmVybGVzcy1ydW50aW1lcy9nb29nbGUtMjItZnVsbC9ydW50aW1lcy9ub2RlanMyMkAB for region us-central1
[debug] [2026-06-01T02:04:47.104Z] <<< [apiv2][status] POST https://run.googleapis.com/v1/projects/tecniapp-ice/locations/us-central1/services/sendverificationcode:setIamPolicy 200
[debug] [2026-06-01T02:04:47.104Z] <<< [apiv2][body] POST https://run.googleapis.com/v1/projects/tecniapp-ice/locations/us-central1/services/sendverificationcode:setIamPolicy {"version":1,"etag":"BwZTJ55o6nE=","bindings":[{"role":"roles/run.invoker","members":["allUsers"]}]}
[info] +  functions[sendVerificationCode(us-central1)] Successful create operation. 
[debug] [2026-06-01T02:04:56.896Z] [create-default-us-central1-notifyProgramacionAssigned] Retrying task index 0
[debug] [2026-06-01T02:04:56.896Z] Checked if tokens are valid: true, expires at: 1780281501336
[debug] [2026-06-01T02:04:56.896Z] Checked if tokens are valid: true, expires at: 1780281501336
[debug] [2026-06-01T02:04:56.896Z] >>> [apiv2][query] GET https://cloudfunctions.googleapis.com/v2/projects/tecniapp-ice/locations/us-central1/operations/operation-1780279469052-653279d5a9246-89c6bcb1-264564b0 [none]
[debug] [2026-06-01T02:04:57.230Z] <<< [apiv2][status] GET https://cloudfunctions.googleapis.com/v2/projects/tecniapp-ice/locations/us-central1/operations/operation-1780279469052-653279d5a9246-89c6bcb1-264564b0 200
[debug] [2026-06-01T02:04:57.230Z] <<< [apiv2][body] GET https://cloudfunctions.googleapis.com/v2/projects/tecniapp-ice/locations/us-central1/operations/operation-1780279469052-653279d5a9246-89c6bcb1-264564b0 {"name":"projects/tecniapp-ice/locations/us-central1/operations/operation-1780279469052-653279d5a9246-89c6bcb1-264564b0","metadata":{"@type":"type.googleapis.com/google.cloud.functions.v2.OperationMetadata","createTime":"2026-06-01T02:04:29.684330979Z","endTime":"2026-06-01T02:04:48.174159604Z","target":"projects/tecniapp-ice/locations/us-central1/functions/notifyProgramacionAssigned","verb":"create","cancelRequested":false,"apiVersion":"v2","requestResource":{"@type":"type.googleapis.com/google.cloud.functions.v2.Function","name":"projects/tecniapp-ice/locations/us-central1/functions/notifyProgramacionAssigned","buildConfig":{"runtime":"nodejs22","entryPoint":"notifyProgramacionAssigned","source":{"storageSource":{"bucket":"gcf-v2-sources-1097214229632-us-central1","object":"notifyProgramacionAssigned/function-source.zip","generation":"1780279469287728"}},"environmentVariables":{"GOOGLE_NODE_RUN_SCRIPTS":""},"sourceToken":"Clhwcm9qZWN0cy8xMDk3MjE0MjI5NjMyL2xvY2F0aW9ucy91cy1jZW50cmFsMS9idWlsZHMvN2ViZGMxZWUtNjE1OS00NjBiLWJmZWQtMTRjMmU4YWVjNzcxEnV1cy1jZW50cmFsMS1kb2NrZXIucGtnLmRldi90ZWNuaWFwcC1pY2UvZ2NmLWFydGlmYWN0cy90ZWNuaWFwcC0taWNlX191cy0tY2VudHJhbDFfX3N5bmNfYXZlcmlhc195X25vdGlmaWNhcjp2ZXJzaW9uXzEYgPnBuPcfIktwcm9qZWN0cy90ZWNuaWFwcC1pY2UvbG9jYXRpb25zL3VzLWNlbnRyYWwxL2Z1bmN0aW9ucy9zeW5jQXZlcmlhc1lOb3RpZmljYXIqCwir0fPQBhCowuVAMghub2RlanMyMjp2CiNnY3IuaW8vZ2FlLXJ1bnRpbWVzL25vZGVqczIyOnN0YWJsZRJPdXMtY2VudHJhbDEtZG9ja2VyLnBrZy5kZXYvc2VydmVybGVzcy1ydW50aW1lcy9nb29nbGUtMjItZnVsbC9ydW50aW1lcy9ub2RlanMyMkAB","serviceAccount":"projects/tecniapp-ice/serviceAccounts/1097214229632-compute@developer.gserviceaccount.com","automaticUpdatePolicy":{}},"serviceConfig":{"service":"projects/tecniapp-ice/locations/us-central1/services/notifyprogramacionassigned","timeoutSeconds":60,"environmentVariables":{"FIREBASE_CONFIG":"{\"projectId\":\"tecniapp-ice\",\"databaseURL\":\"https://tecniapp-ice-default-rtdb.firebaseio.com\",\"storageBucket\":\"tecniapp-ice.firebasestorage.app\"}","GCLOUD_PROJECT":"tecniapp-ice","EVENTARC_CLOUD_EVENT_SOURCE":"projects/tecniapp-ice/locations/us-central1/services/notifyProgramacionAssigned","FUNCTION_SIGNATURE_TYPE":"cloudevent","FUNCTION_TARGET":"notifyProgramacionAssigned","LOG_EXECUTION_ID":"true"},"ingressSettings":"ALLOW_ALL","serviceAccountEmail":"1097214229632-compute@developer.gserviceaccount.com","availableMemory":"256Mi","maxInstanceRequestConcurrency":80,"availableCpu":"1"},"eventTrigger":{"trigger":"projects/tecniapp-ice/locations/us-central1/triggers/notifyprogramacionassigned-196197","triggerRegion":"us-central1","eventType":"google.firebase.database.ref.v1.created","eventFilters":[{"attribute":"instance","value":"tecniapp-ice-programacion"},{"attribute":"ref","value":"programaciones/{subregion}/{vehiculoId}/{programacionId}","operator":"match-path-pattern"}],"serviceAccountEmail":"1097214229632-compute@developer.gserviceaccount.com","retryPolicy":"RETRY_POLICY_DO_NOT_RETRY"},"labels":{"deployment-tool":"cli-firebase","firebase-functions-hash":"938724c7a4468481da149ff1690fa38e4aa78b2a"},"environment":"GEN_2"},"stages":[{"name":"BUILD","message":"Reusing build","state":"COMPLETE","resource":"projects/1097214229632/locations/us-central1/builds/7ebdc1ee-6159-460b-bfed-14c2e8aec771"},{"name":"SERVICE","message":"Creating Cloud Run service","state":"COMPLETE","resource":"projects/tecniapp-ice/locations/us-central1/services/notifyprogramacionassigned","resourceUri":"https://console.cloud.google.com/run/detail/us-central1/notifyprogramacionassigned?project=tecniapp-ice"},{"name":"TRIGGER","message":"Creating Eventarc trigger","state":"COMPLETE","resource":"projects/tecniapp-ice/locations/us-central1/triggers/notifyprogramacionassigned-196197"}],"sourceToken":"Clhwcm9qZWN0cy8xMDk3MjE0MjI5NjMyL2xvY2F0aW9ucy91cy1jZW50cmFsMS9idWlsZHMvN2ViZGMxZWUtNjE1OS00NjBiLWJmZWQtMTRjMmU4YWVjNzcxEnV1cy1jZW50cmFsMS1kb2NrZXIucGtnLmRldi90ZWNuaWFwcC1pY2UvZ2NmLWFydGlmYWN0cy90ZWNuaWFwcC0taWNlX191cy0tY2VudHJhbDFfX3N5bmNfYXZlcmlhc195X25vdGlmaWNhcjp2ZXJzaW9uXzEYgPnBuPcfIktwcm9qZWN0cy90ZWNuaWFwcC1pY2UvbG9jYXRpb25zL3VzLWNlbnRyYWwxL2Z1bmN0aW9ucy9zeW5jQXZlcmlhc1lOb3RpZmljYXIqCwir0fPQBhCowuVAMghub2RlanMyMjp2CiNnY3IuaW8vZ2FlLXJ1bnRpbWVzL25vZGVqczIyOnN0YWJsZRJPdXMtY2VudHJhbDEtZG9ja2VyLnBrZy5kZXYvc2VydmVybGVzcy1ydW50aW1lcy9nb29nbGUtMjItZnVsbC9ydW50aW1lcy9ub2RlanMyMkAB","operationType":"CREATE_FUNCTION","buildName":"projects/1097214229632/locations/us-central1/builds/7ebdc1ee-6159-460b-bfed-14c2e8aec771"},"done":true,"response":{"@type":"type.googleapis.com/google.cloud.functions.v2.Function","name":"projects/tecniapp-ice/locations/us-central1/functions/notifyProgramacionAssigned","buildConfig":{"build":"projects/1097214229632/locations/us-central1/builds/7ebdc1ee-6159-460b-bfed-14c2e8aec771","runtime":"nodejs22","entryPoint":"notifyProgramacionAssigned","source":{"storageSource":{"bucket":"gcf-v2-sources-1097214229632-us-central1","object":"notifyProgramacionAssigned/function-source.zip","generation":"1780279469287728"}},"environmentVariables":{"GOOGLE_NODE_RUN_SCRIPTS":""},"dockerRepository":"projects/tecniapp-ice/locations/us-central1/repositories/gcf-artifacts","sourceProvenance":{"resolvedStorageSource":{"bucket":"gcf-v2-sources-1097214229632-us-central1","object":"notifyProgramacionAssigned/function-source.zip","generation":"1780279469287728"}},"dockerRegistry":"ARTIFACT_REGISTRY","serviceAccount":"projects/tecniapp-ice/serviceAccounts/1097214229632-compute@developer.gserviceaccount.com","automaticUpdatePolicy":{}},"serviceConfig":{"service":"projects/tecniapp-ice/locations/us-central1/services/notifyprogramacionassigned","timeoutSeconds":60,"environmentVariables":{"FIREBASE_CONFIG":"{\"projectId\":\"tecniapp-ice\",\"databaseURL\":\"https://tecniapp-ice-default-rtdb.firebaseio.com\",\"storageBucket\":\"tecniapp-ice.firebasestorage.app\"}","GCLOUD_PROJECT":"tecniapp-ice","EVENTARC_CLOUD_EVENT_SOURCE":"projects/tecniapp-ice/locations/us-central1/services/notifyProgramacionAssigned","FUNCTION_SIGNATURE_TYPE":"cloudevent","FUNCTION_TARGET":"notifyProgramacionAssigned","LOG_EXECUTION_ID":"true"},"ingressSettings":"ALLOW_ALL","uri":"https://notifyprogramacionassigned-y7pai55mra-uc.a.run.app","serviceAccountEmail":"1097214229632-compute@developer.gserviceaccount.com","availableMemory":"256Mi","allTrafficOnLatestRevision":true,"revision":"notifyprogramacionassigned-00001-xen","maxInstanceRequestConcurrency":80,"availableCpu":"1"},"eventTrigger":{"trigger":"projects/tecniapp-ice/locations/us-central1/triggers/notifyprogramacionassigned-196197","triggerRegion":"us-central1","eventType":"google.firebase.database.ref.v1.created","eventFilters":[{"attribute":"instance","value":"tecniapp-ice-programacion"},{"attribute":"ref","value":"programaciones/{subregion}/{vehiculoId}/{programacionId}","operator":"match-path-pattern"}],"pubsubTopic":"projects/tecniapp-ice/topics/eventarc-us-central1-notifyprogramacionassigned-196197-793","serviceAccountEmail":"1097214229632-compute@developer.gserviceaccount.com","retryPolicy":"RETRY_POLICY_DO_NOT_RETRY"},"state":"ACTIVE","updateTime":"2026-06-01T02:04:29.678069269Z","labels":{"deployment-tool":"cli-firebase","firebase-functions-hash":"938724c7a4468481da149ff1690fa38e4aa78b2a"},"environment":"GEN_2","url":"https://us-central1-tecniapp-ice.cloudfunctions.net/notifyProgramacionAssigned","createTime":"2026-06-01T02:04:29.678069269Z","satisfiesPzi":true}}
[debug] [2026-06-01T02:04:57.230Z] Got source token Clhwcm9qZWN0cy8xMDk3MjE0MjI5NjMyL2xvY2F0aW9ucy91cy1jZW50cmFsMS9idWlsZHMvN2ViZGMxZWUtNjE1OS00NjBiLWJmZWQtMTRjMmU4YWVjNzcxEnV1cy1jZW50cmFsMS1kb2NrZXIucGtnLmRldi90ZWNuaWFwcC1pY2UvZ2NmLWFydGlmYWN0cy90ZWNuaWFwcC0taWNlX191cy0tY2VudHJhbDFfX3N5bmNfYXZlcmlhc195X25vdGlmaWNhcjp2ZXJzaW9uXzEYgPnBuPcfIktwcm9qZWN0cy90ZWNuaWFwcC1pY2UvbG9jYXRpb25zL3VzLWNlbnRyYWwxL2Z1bmN0aW9ucy9zeW5jQXZlcmlhc1lOb3RpZmljYXIqCwir0fPQBhCowuVAMghub2RlanMyMjp2CiNnY3IuaW8vZ2FlLXJ1bnRpbWVzL25vZGVqczIyOnN0YWJsZRJPdXMtY2VudHJhbDEtZG9ja2VyLnBrZy5kZXYvc2VydmVybGVzcy1ydW50aW1lcy9nb29nbGUtMjItZnVsbC9ydW50aW1lcy9ub2RlanMyMkAB for region us-central1
[info] +  functions[notifyProgramacionAssigned(us-central1)] Successful create operation. 
[debug] [2026-06-01T02:04:57.250Z] Total Function Deployment time: 77079
[debug] [2026-06-01T02:04:57.250Z] 4 Functions Deployed
[debug] [2026-06-01T02:04:57.250Z] 0 Functions Errored
[debug] [2026-06-01T02:04:57.250Z] 0 Function Deployments Aborted
[debug] [2026-06-01T02:04:57.251Z] Average Function Deployment time: 66728.75
[debug] [2026-06-01T02:04:57.464Z] Checked if tokens are valid: true, expires at: 1780281501336
[debug] [2026-06-01T02:04:57.465Z] Checked if tokens are valid: true, expires at: 1780281501336
[debug] [2026-06-01T02:04:57.465Z] >>> [apiv2][query] GET https://artifactregistry.googleapis.com/v1/projects/tecniapp-ice/locations/us-central1/repositories/gcf-artifacts [none]
[debug] [2026-06-01T02:04:58.002Z] <<< [apiv2][status] GET https://artifactregistry.googleapis.com/v1/projects/tecniapp-ice/locations/us-central1/repositories/gcf-artifacts 200
[debug] [2026-06-01T02:04:58.002Z] <<< [apiv2][body] GET https://artifactregistry.googleapis.com/v1/projects/tecniapp-ice/locations/us-central1/repositories/gcf-artifacts {"name":"projects/tecniapp-ice/locations/us-central1/repositories/gcf-artifacts","format":"DOCKER","description":"This repository is created and used by Cloud Functions for storing function docker images.","labels":{"goog-managed-by":"cloudfunctions"},"createTime":"2025-11-24T11:18:15.326410Z","updateTime":"2026-06-01T02:04:20.983703Z","mode":"STANDARD_REPOSITORY","sizeBytes":"180605681","vulnerabilityScanningConfig":{"lastEnableTime":"2025-11-24T11:18:06.879215974Z","enablementState":"SCANNING_DISABLED","enablementStateReason":"API containerscanning.googleapis.com is not enabled."},"satisfiesPzi":true,"registryUri":"us-central1-docker.pkg.dev/tecniapp-ice/gcf-artifacts"}
[warn] !  functions: No cleanup policy detected for repositories in us-central1. This may result in a small monthly bill as container images accumulate over time. 
